8,8,8,0.4609676247815521,"0.10889548922324334,0.23315095909264363,0.3355113782464983,0.4238655328710483,0.48238284481240773,0.5352407178447081,0.585129419898221,0.6043797812364308","0.09813854098320007,0.07813237607479095,0.06107580289244652,0.047087959945201874,0.036942582577466965,0.03115754760801792,0.0296502485871315,0.030778581276535988,0.030521253123879433,0.029631296172738075,0.028625594452023506,0.02764556184411049,0.027588026598095894,0.026567598804831505,0.02658558264374733,0.026365229859948158,0.025184310972690582,0.025478480383753777,0.02487211488187313,0.024601353332400322,0.023573964834213257,0.02382167987525463,0.02403145283460617,0.023375254124403,0.022830916568636894,0.022356024011969566,0.022408094257116318,0.02217184007167816,0.022014902904629707,0.021649114787578583,0.02143438346683979,0.02121627889573574,0.021194778382778168,0.020783619955182076,0.020859068259596825,0.020393243059515953,0.020429879426956177,0.02010873332619667,0.020361004397273064,0.02016705647110939,0.020391780883073807,0.019881263375282288,0.01948087476193905,0.019853435456752777,0.01965353637933731,0.01971452310681343,0.019625777378678322,0.019336506724357605,0.01960168406367302,0.0193959828466177,0.019379997625947,0.019214404746890068,0.018901996314525604,0.019500574097037315,0.018969619646668434,0.01900588721036911,0.01851026900112629,0.019315069541335106,0.018760759383440018,0.018689103424549103,0.01858382299542427,0.018893426284193993,0.018995657563209534,0.018605196848511696,0.018932949751615524,0.018581151962280273,0.018882133066654205,0.01847117580473423,0.018537497147917747,0.01857425644993782,0.018779009580612183,0.018190428614616394,0.01859111525118351,0.018790006637573242,0.018419284373521805,0.018751857802271843,0.01846666820347309,0.018743660300970078,0.018366703763604164,0.01877693645656109,0.018843406811356544,0.018667202442884445,0.018958663567900658,0.01833466999232769,0.018469233065843582,0.018395671620965004,0.018382307142019272,0.018076123669743538,0.01795683242380619,0.01845620386302471,0.018088167533278465,0.018203005194664,0.01843421533703804,0.018240593373775482,0.018598470836877823,0.018377292901277542,0.018232455477118492,0.018076451495289803,0.01846354641020298,0.018561065196990967","0.6567100882530212,0.5582022070884705,0.4654199182987213,0.3800167739391327,0.30831030011177063,0.2577345371246338,0.23050086200237274,0.2218223363161087,0.22561663389205933,0.23693011701107025,0.2515975534915924,0.2649957239627838,0.27386167645454407,0.2777247130870819,0.2776705324649811,0.27589625120162964,0.27364566922187805,0.27268484234809875,0.27370327711105347,0.2762160003185272,0.28010186553001404,0.2846808135509491,0.29000136256217957,0.29504022002220154,0.2988905906677246,0.3020438551902771,0.30501270294189453,0.30874624848365784,0.31402090191841125,0.3197256028652191,0.3244812786579132,0.328032523393631,0.33218157291412354,0.3362067639827728,0.34037649631500244,0.3442164361476898,0.34757134318351746,0.34888413548469543,0.3512089252471924,0.35540470480918884,0.36020055413246155,0.36311474442481995,0.3643395006656647,0.3655454218387604,0.36752092838287354,0.37032243609428406,0.37356507778167725,0.375438928604126,0.37626171112060547,0.37748000025749207,0.37911009788513184,0.38033047318458557,0.38116180896759033,0.3826848566532135,0.3833123743534088,0.3836665451526642,0.3843839168548584,0.38658609986305237,0.38915085792541504,0.3906242847442627,0.3899252116680145,0.38706740736961365,0.3864560127258301,0.3886973559856415,0.3916280269622803,0.3933968245983124,0.39368200302124023,0.39287689328193665,0.3916250169277191,0.3893618583679199,0.390726238489151,0.3939224183559418,0.39414694905281067,0.3927309215068817,0.3922533690929413,0.3925827443599701,0.39253559708595276,0.3922264575958252,0.39126792550086975,0.39121612906455994,0.3904307782649994,0.38855597376823425,0.3877023756504059,0.3871726989746094,0.3880845010280609,0.3892669379711151,0.39010095596313477,0.3876815736293793,0.3844185769557953,0.38377848267555237,0.38526466488838196,0.3867526054382324,0.3879125118255615,0.38740599155426025,0.38723599910736084,0.38681280612945557,0.3870178759098053,0.38629814982414246,0.3860158920288086,0.38520923256874084"
in_size,out_size,keep_only_size,RMSE,RMSE_by_timestep,loss,val_loss
8,8,8,0.4672829179804262,"0.14181915583643823,0.25524936178032565,0.36419094054290874,0.4380812710048585,0.49422527454578674,0.5404768861455255,0.5799427137761587,0.6059364925115807","0.09476366639137268,0.0642760768532753,0.041732173413038254,0.028920115903019905,0.026376260444521904,0.02848769538104534,0.028350485488772392,0.027022646740078926,0.025253960862755775,0.02467220649123192,0.024562088772654533,0.02385534718632698,0.023675402626395226,0.02267209067940712,0.022792566567659378,0.022790150716900826,0.02185390330851078,0.022043677046895027,0.021910784766077995,0.021117329597473145,0.02103291265666485,0.020887479186058044,0.020967749878764153,0.020330432802438736,0.020163817331194878,0.02001970261335373,0.019488884136080742,0.01978244073688984,0.019194845110177994,0.019226040691137314,0.019080715253949165,0.019217226654291153,0.018654055893421173,0.018321380019187927,0.018558431416749954,0.018354807049036026,0.018326183781027794,0.01814238913357258,0.018012510612607002,0.018099579960107803,0.017983367666602135,0.017735546454787254,0.01776946894824505,0.017860738560557365,0.01754136011004448,0.018095729872584343,0.01791255548596382,0.017458926886320114,0.01756133697926998,0.01763826422393322,0.017513882368803024,0.01773797906935215,0.017892884090542793,0.0173456110060215,0.017350342124700546,0.01738629676401615,0.017387457191944122,0.017440399155020714,0.017494728788733482,0.017285281792283058,0.01701946184039116,0.01705288328230381,0.017176561057567596,0.017217298969626427,0.01685628667473793,0.016987403854727745,0.01689373329281807,0.01700539141893387,0.016679048538208008,0.016995683312416077,0.017294541001319885,0.016598382964730263,0.016977181658148766,0.016789956018328667,0.01702011376619339,0.016620224341750145,0.01716582477092743,0.017279328778386116,0.017015449702739716,0.016983600333333015,0.01701657474040985,0.01676248013973236,0.016856733709573746,0.01665981486439705,0.017023468390107155,0.01704026758670807,0.016631025820970535,0.01658499985933304,0.01687437854707241,0.01695977710187435,0.016765639185905457,0.01656257174909115,0.016962146386504173,0.01647840440273285,0.01645914651453495,0.016504578292369843,0.01627924293279648,0.016519909724593163,0.016745535656809807,0.016320282593369484","0.6637620329856873,0.5315262675285339,0.4138149321079254,0.3211857080459595,0.2664054334163666,0.2505013048648834,0.2606988251209259,0.2846420705318451,0.3107052147388458,0.33020833134651184,0.3398212492465973,0.34044766426086426,0.3358224928379059,0.3297339975833893,0.325818806886673,0.32549652457237244,0.32784682512283325,0.3325732946395874,0.3390751779079437,0.34505191445350647,0.3487006425857544,0.35080304741859436,0.35368695855140686,0.357135534286499,0.3605668544769287,0.36273518204689026,0.36573025584220886,0.36890438199043274,0.37351194024086,0.3773716986179352,0.380887508392334,0.3832687437534332,0.3850630819797516,0.38780155777931213,0.3917965590953827,0.3949317932128906,0.39613986015319824,0.3963254988193512,0.3990992605686188,0.4016772210597992,0.4049130976200104,0.40471598505973816,0.4045403003692627,0.40624046325683594,0.40649375319480896,0.40655484795570374,0.4075756371021271,0.4068947732448578,0.4053511917591095,0.404763787984848,0.4052976667881012,0.4082794189453125,0.4115428924560547,0.4090447425842285,0.40494176745414734,0.4022766053676605,0.40302491188049316,0.40513888001441956,0.4072354733943939,0.4060455858707428,0.40236952900886536,0.4008829593658447,0.4008788764476776,0.4021066129207611,0.4020553529262543,0.4020892381668091,0.4002746641635895,0.39717671275138855,0.396960586309433,0.3993082046508789,0.3995174467563629,0.39773181080818176,0.3967254161834717,0.3957918882369995,0.39622628688812256,0.3953153192996979,0.39466753602027893,0.3941894471645355,0.3931753635406494,0.39093878865242004,0.38971027731895447,0.38998308777809143,0.3905373513698578,0.38915276527404785,0.3890914022922516,0.3896671235561371,0.3889235556125641,0.3876868188381195,0.38748979568481445,0.38868415355682373,0.3880647122859955,0.38719049096107483,0.38657259941101074,0.38531064987182617,0.3846786916255951,0.3850676715373993,0.38581839203834534,0.38558101654052734,0.3843438923358917,0.3822396993637085"
in_size,out_size,keep_only_size,RMSE,RMSE_by_timestep,loss,val_loss
8,8,8,0.47818836040231083,"0.13800159935586487,0.24800481039816402,0.37746939886209896,0.4577615993887573,0.5225418472567868,0.5512151115858424,0.5855754163996538,0.6191287502540717","0.07998191565275192,0.045849524438381195,0.03010799176990986,0.0300949364900589,0.03128914162516594,0.028683416545391083,0.026267051696777344,0.025503400713205338,0.02493036538362503,0.024042949080467224,0.023114386945962906,0.022265302017331123,0.022063663229346275,0.021300382912158966,0.02083580195903778,0.020545292645692825,0.02019251510500908,0.019499775022268295,0.01936984807252884,0.018793081864714622,0.018965719267725945,0.01853789947926998,0.01847762241959572,0.017915140837430954,0.017999064177274704,0.018062904477119446,0.017814476042985916,0.017568314447999,0.017530390992760658,0.017327239736914635,0.01754840649664402,0.017068620771169662,0.017628952860832214,0.017028819769620895,0.017105691134929657,0.017094727605581284,0.01696808449923992,0.016678182408213615,0.01667380891740322,0.016563655808568,0.01688511297106743,0.016186602413654327,0.016848932951688766,0.016757123172283173,0.016803670674562454,0.016365116462111473,0.016590891405940056,0.016756949946284294,0.016538122668862343,0.016342347487807274,0.01631782203912735,0.016218720003962517,0.016157960519194603,0.016227249056100845,0.01623658649623394,0.016130845993757248,0.015944577753543854,0.015980077907443047,0.016104651615023613,0.01584627851843834,0.01607619598507881,0.015912853181362152,0.015804486349225044,0.01536344364285469,0.01564330980181694,0.01573822647333145,0.01583072543144226,0.015234357677400112,0.015739386901259422,0.015843383967876434,0.015585321001708508,0.015809187665581703,0.015920011326670647,0.015192987397313118,0.015515944920480251,0.015148470178246498,0.01546770241111517,0.015300704166293144,0.0155881242826581,0.01544102095067501,0.01589086279273033,0.015395098365843296,0.015076366253197193,0.015483208000659943,0.015295303426682949,0.014715541154146194,0.014872604981064796,0.015259921550750732,0.01528293825685978,0.015377387404441833,0.01484193280339241,0.015126458369195461,0.015290562063455582,0.014859611168503761,0.014573720283806324,0.014978354796767235,0.014845430850982666,0.015285090543329716,0.014523964375257492,0.014870193786919117","0.519070029258728,0.3457040786743164,0.25017184019088745,0.2241198569536209,0.2346147745847702,0.26677295565605164,0.30339565873146057,0.3256647288799286,0.32815900444984436,0.3176383078098297,0.3053378462791443,0.30150726437568665,0.31024837493896484,0.3263533413410187,0.3433539867401123,0.3572821617126465,0.3629189729690552,0.3629981279373169,0.36610785126686096,0.3769843876361847,0.38603004813194275,0.3914198875427246,0.3948068618774414,0.39789047837257385,0.40190425515174866,0.40314996242523193,0.40367579460144043,0.40383267402648926,0.4058750569820404,0.40640464425086975,0.40496695041656494,0.40257033705711365,0.40355202555656433,0.40252161026000977,0.4023404121398926,0.403512567281723,0.403052419424057,0.40015316009521484,0.3974691331386566,0.3974626064300537,0.3988465964794159,0.39776310324668884,0.3974051773548126,0.39747393131256104,0.3971429169178009,0.3947395980358124,0.39171406626701355,0.3949170410633087,0.3971833288669586,0.39325347542762756,0.38775554299354553,0.38706865906715393,0.38893139362335205,0.38918599486351013,0.38666805624961853,0.38553622364997864,0.3853423595428467,0.3862285614013672,0.3863493502140045,0.38282302021980286,0.3851061761379242,0.38653603196144104,0.38241133093833923,0.3795221149921417,0.3804208040237427,0.3802964985370636,0.3831271231174469,0.3802768290042877,0.3765335977077484,0.3750419318675995,0.37616267800331116,0.37764644622802734,0.3828641474246979,0.38028696179389954,0.3767379820346832,0.37640467286109924,0.37753725051879883,0.3768244981765747,0.37881338596343994,0.37930941581726074,0.37448763847351074,0.3729330599308014,0.3714657723903656,0.3723386824131012,0.3766086995601654,0.3737970292568207,0.3698481023311615,0.3708963394165039,0.3741377294063568,0.37136349081993103,0.3681763708591461,0.36892685294151306,0.37273749709129333,0.37030449509620667,0.3649510443210602,0.3626765310764313,0.3650185167789459,0.3694697916507721,0.3674878180027008,0.3627983033657074"
in_size,out_size,keep_only_size,RMSE,RMSE_by_timestep,loss,val_loss
8,8,8,0.4756325377534883,"0.1321369172588876,0.2599068758583296,0.3635329360855005,0.45988994927261284,0.5098337511026261,0.5476952380966036,0.5903864384037275,0.6151701654188768","0.08117832243442535,0.03907834365963936,0.030502891167998314,0.034050654619932175,0.029995989054441452,0.02584696002304554,0.025688987225294113,0.024422364309430122,0.02308906614780426,0.022208236157894135,0.021496379747986794,0.021383261308073997,0.020572444424033165,0.01956234872341156,0.019670682027935982,0.018732290714979172,0.018583383411169052,0.018260452896356583,0.01778254471719265,0.017955640330910683,0.017361734062433243,0.01743577979505062,0.01736011542379856,0.017554886639118195,0.017526954412460327,0.01735241711139679,0.016822800040245056,0.016964087262749672,0.01684410311281681,0.016967179253697395,0.016590239480137825,0.016524575650691986,0.016571760177612305,0.0167367085814476,0.01614888198673725,0.016346262767910957,0.016379982233047485,0.01638990268111229,0.016260012984275818,0.016203176230192184,0.015969140455126762,0.016033800318837166,0.015944069251418114,0.015955667942762375,0.015671884641051292,0.015938902273774147,0.01593254879117012,0.015358010306954384,0.015655163675546646,0.015901369974017143,0.015687786042690277,0.015614149160683155,0.015797900035977364,0.015733275562524796,0.015599955804646015,0.01541829016059637,0.015023665502667427,0.015468725934624672,0.01541637722402811,0.014949394389986992,0.015052329748868942,0.015244444832205772,0.014969411306083202,0.015344337560236454,0.015105525963008404,0.015244199894368649,0.015360166318714619,0.014894535765051842,0.014972626231610775,0.014863585121929646,0.014920075424015522,0.015042217448353767,0.014814810827374458,0.015012538991868496,0.014608591794967651,0.015040488913655281,0.014714553020894527,0.014937840402126312,0.01483625266700983,0.014500625431537628,0.015026540495455265,0.014789743348956108,0.014457606710493565,0.014605441130697727,0.014595064334571362,0.014659848064184189,0.014823793433606625,0.014654322527348995,0.014663483947515488,0.014631267637014389,0.014382248744368553,0.014366733841598034,0.014420009218156338,0.014619225636124611,0.014477571472525597,0.014749950729310513,0.014583821408450603,0.014224189333617687,0.014356210827827454,0.014047998003661633","0.46596452593803406,0.27847203612327576,0.2238932102918625,0.22987647354602814,0.2657853960990906,0.3111741542816162,0.3335888385772705,0.3275512754917145,0.3096173107624054,0.3004443049430847,0.3066416084766388,0.32524701952934265,0.346963495016098,0.3624512255191803,0.3691924512386322,0.3726511299610138,0.37937530875205994,0.38833245635032654,0.39770540595054626,0.4066469669342041,0.4122335910797119,0.41095829010009766,0.4067634046077728,0.40863093733787537,0.4148794710636139,0.4139666259288788,0.4090797007083893,0.40475478768348694,0.4052139222621918,0.40677574276924133,0.4059179127216339,0.40136751532554626,0.3979467451572418,0.39953097701072693,0.40128254890441895,0.39639195799827576,0.39197495579719543,0.390097051858902,0.3905947208404541,0.39568981528282166,0.39564934372901917,0.3871534764766693,0.38624143600463867,0.3917974531650543,0.3921310007572174,0.38577723503112793,0.38533318042755127,0.3859371244907379,0.38557982444763184,0.385667085647583,0.384786993265152,0.37996649742126465,0.38018345832824707,0.38169780373573303,0.37694671750068665,0.3751130998134613,0.3753317594528198,0.3763447105884552,0.377517968416214,0.37855544686317444,0.37817373871803284,0.37502190470695496,0.3764761984348297,0.37487688660621643,0.37060680985450745,0.372905969619751,0.3742119371891022,0.3711189329624176,0.3691323697566986,0.36988893151283264,0.3686631917953491,0.367037296295166,0.3660309612751007,0.36539480090141296,0.36707639694213867,0.3641932010650635,0.3620576560497284,0.3684748411178589,0.3627893030643463,0.3604796826839447,0.3673188388347626,0.36660638451576233,0.36168619990348816,0.362616628408432,0.36384686827659607,0.3642407953739166,0.36504027247428894,0.3660965859889984,0.3591594696044922,0.36250627040863037,0.367280513048172,0.3597687780857086,0.3579479455947876,0.36464646458625793,0.3674718141555786,0.3598363399505615,0.358108252286911,0.36440595984458923,0.3665156364440918,0.3626227378845215"
in_size,out_size,keep_only_size,RMSE,RMSE_by_timestep,loss,val_loss
8,8,8,0.47343293252747126,"0.16456371268189393,0.28504928804892604,0.39441825502855404,0.4655757304398611,0.5051381692989028,0.5460349097794877,0.5655800430433097,0.590959231670057","0.08274343609809875,0.03834415227174759,0.030386967584490776,0.03323741257190704,0.029374968260526657,0.025718456134200096,0.02520102821290493,0.02503443881869316,0.023143146187067032,0.02207769639790058,0.021968470886349678,0.021092437207698822,0.02045620232820511,0.01977366954088211,0.019264886155724525,0.01843143254518509,0.018480418249964714,0.018470659852027893,0.017707539722323418,0.017567632719874382,0.017719419673085213,0.01718773879110813,0.017132852226495743,0.01699043996632099,0.01696016639471054,0.016930071637034416,0.01707610674202442,0.01722976379096508,0.01679779216647148,0.01652894727885723,0.016595792025327682,0.01659206859767437,0.016650153324007988,0.015963464975357056,0.016378367319703102,0.015996437519788742,0.016286954283714294,0.0166490338742733,0.016169916838407516,0.015905335545539856,0.016304900869727135,0.015860985964536667,0.01592957228422165,0.016168678179383278,0.015876293182373047,0.015714334324002266,0.01561272144317627,0.01554129645228386,0.0162059236317873,0.015646999701857567,0.01561067532747984,0.015704847872257233,0.015749037265777588,0.015457026660442352,0.015120656229555607,0.015564766712486744,0.015099157579243183,0.0156708937138319,0.015107326209545135,0.015168024227023125,0.015304666943848133,0.01528436690568924,0.014997879043221474,0.015044181607663631,0.01493041031062603,0.01507838349789381,0.014980670064687729,0.015143707394599915,0.014998210594058037,0.0151461660861969,0.0149904889985919,0.014740011654794216,0.014779353514313698,0.014726575464010239,0.014726031571626663,0.014803369529545307,0.015031261369585991,0.014899696223437786,0.014580782502889633,0.014671551994979382,0.01474701426923275,0.014691527932882309,0.015094268135726452,0.014531469903886318,0.014456534758210182,0.014545842073857784,0.014628155156970024,0.014662576839327812,0.01474301889538765,0.014589381404221058,0.014483854174613953,0.014760056510567665,0.01453761663287878,0.014325639232993126,0.014427158050239086,0.01474407222121954,0.014364946633577347,0.014483602717518806,0.014156666584312916,0.014415060169994831,0.014345892705023289,0.014320367947220802,0.014188125729560852,0.014325392432510853,0.014310085214674473,0.014547262340784073,0.013769937679171562,0.014055456034839153,0.01394575834274292,0.01419961266219616,0.01428859680891037,0.013959984295070171,0.014269930310547352,0.013869751244783401,0.014275452122092247,0.013790984638035297,0.013945610262453556,0.014027152210474014,0.01373137254267931,0.013957575894892216,0.013892868533730507,0.013841163367033005,0.014034401625394821,0.013861995190382004,0.014205247163772583,0.014055394567549229,0.013931461609899998,0.013945438899099827,0.013778287917375565,0.014190650545060635,0.013802614994347095,0.013560548424720764,0.014033178798854351,0.013715479522943497,0.013640095479786396,0.01357889175415039,0.013929071836173534,0.013693798333406448,0.013753718696534634,0.013606029562652111,0.013498260639607906,0.013934229500591755,0.01366046629846096,0.013858438469469547,0.013480027206242085,0.013345057144761086,0.013560662046074867,0.013371583074331284,0.013568033464252949,0.013456244952976704,0.013492134399712086,0.013394768349826336,0.0135003961622715,0.013719853013753891,0.01321743056178093,0.013547280803322792,0.013581760227680206,0.013337810523808002,0.013359292410314083,0.013470256701111794,0.013655132614076138,0.01306945737451315,0.013079331256449223,0.013331996276974678,0.013288787566125393,0.01334205362945795,0.01330588385462761,0.013046023435890675,0.013207832351326942,0.013199640437960625,0.013448601588606834,0.0128973089158535,0.013117841444909573,0.012845605611801147,0.013134882785379887,0.012956737540662289,0.012893252074718475,0.013208378106355667,0.013005797751247883,0.013056408613920212,0.012773060239851475,0.012974746525287628,0.013036694377660751,0.012951799668371677,0.012921088375151157,0.012694725766777992,0.012904542498290539,0.012875676155090332,0.01266171969473362,0.013123733922839165,0.013143494725227356,0.012598488479852676,0.012507756240665913,0.012551791034638882,0.012593453750014305,0.012691307812929153,0.012545671314001083,0.012712808325886726,0.012721200473606586,0.012469680979847908","0.46370866894721985,0.2744714319705963,0.22325171530246735,0.22482752799987793,0.25644293427467346,0.2980963885784149,0.3203778564929962,0.3188505470752716,0.3043130338191986,0.2928507924079895,0.2940221428871155,0.30646800994873047,0.32425305247306824,0.3411886692047119,0.35255900025367737,0.3579089343547821,0.3622201979160309,0.3698500692844391,0.37912651896476746,0.3889537751674652,0.39811912178993225,0.40230560302734375,0.4030764102935791,0.4026252329349518,0.40308842062950134,0.4029994308948517,0.4054470360279083,0.4044407606124878,0.400167316198349,0.3932417631149292,0.3934507668018341,0.39853301644325256,0.39721500873565674,0.392397403717041,0.3889763653278351,0.39022955298423767,0.39281535148620605,0.3915341794490814,0.38774967193603516,0.38322773575782776,0.38829168677330017,0.38888418674468994,0.3824094235897064,0.3774939477443695,0.3794673979282379,0.3824578821659088,0.3817577660083771,0.38251519203186035,0.382550448179245,0.3814000189304352,0.37866225838661194,0.37590721249580383,0.3751557767391205,0.3776252269744873,0.3776875436306,0.3740570843219757,0.37232646346092224,0.37773287296295166,0.37479445338249207,0.36972907185554504,0.37150707840919495,0.3724564015865326,0.36867737770080566,0.366487592458725,0.36909279227256775,0.36927342414855957,0.3682335317134857,0.3673868477344513,0.3672771751880646,0.3644441068172455,0.3651488721370697,0.36531317234039307,0.3655097782611847,0.36720967292785645,0.3677651882171631,0.36418625712394714,0.3640561103820801,0.3649488389492035,0.36378148198127747,0.3652282655239105,0.36373475193977356,0.364266961812973,0.3637120723724365,0.3637017011642456,0.36262956261634827,0.36612287163734436,0.3684774935245514,0.36261606216430664,0.36153078079223633,0.3641664683818817,0.36371079087257385,0.36041784286499023,0.36244073510169983,0.3610386848449707,0.35830017924308777,0.3569198548793793,0.36030903458595276,0.3591924011707306,0.352343887090683,0.3586828410625458,0.35862791538238525,0.35855135321617126,0.3595954179763794,0.35633811354637146,0.3566928207874298,0.35798636078834534,0.359601229429245,0.358388751745224,0.35716840624809265,0.36084994673728943,0.3576684296131134,0.35777416825294495,0.35966432094573975,0.3586525022983551,0.3573768138885498,0.3513510227203369,0.35333284735679626,0.35310909152030945,0.35452210903167725,0.3572653830051422,0.3537536561489105,0.35579362511634827,0.35753026604652405,0.3557639420032501,0.3546958863735199,0.3564809262752533,0.3557288646697998,0.3531760275363922,0.3526395559310913,0.3583873212337494,0.35275891423225403,0.35533761978149414,0.3599329888820648,0.3584515154361725,0.354353666305542,0.35435041785240173,0.3578958213329315,0.35258570313453674,0.3544766902923584,0.3522636890411377,0.350407212972641,0.3559969961643219,0.3555814325809479,0.3544479310512543,0.3498881757259369,0.3561607897281647,0.3531303405761719,0.3499530553817749,0.358952134847641,0.35353991389274597,0.35473135113716125,0.3565353453159332,0.3542318344116211,0.353483110666275,0.3555831015110016,0.3551156520843506,0.35035696625709534,0.35484910011291504,0.3510465621948242,0.3514167368412018,0.35414114594459534,0.35045143961906433,0.3516334593296051,0.3564068377017975,0.3538660705089569,0.35720714926719666,0.3596777021884918,0.35922741889953613,0.3570462167263031,0.35356172919273376,0.3590284287929535,0.3527790307998657,0.35007035732269287,0.35608330368995667,0.3549943268299103,0.35250818729400635,0.35314616560935974,0.354733943939209,0.35697141289711,0.358015775680542,0.3560830354690552,0.36136746406555176,0.35535740852355957,0.35762080550193787,0.36261463165283203,0.3560818135738373,0.3609490394592285,0.36251100897789,0.35904183983802795,0.3598004877567291,0.3634427785873413,0.3560492992401123,0.36703768372535706,0.36117255687713623,0.3590310513973236,0.3648400604724884,0.3605617582798004,0.36270999908447266,0.36213240027427673,0.36350488662719727"
in_size,out_size,keep_only_size,RMSE,RMSE_by_timestep,loss,val_loss
8,8,8,0.47219284265235806,"0.16149484254086,0.30140727990845645,0.412463739314997,0.4780859657394033,0.5153553028687436,0.5314556034137543,0.5565617043071241,0.5697438152251336","0.05296260491013527,0.03162742406129837,0.0266086608171463,0.024337446317076683,0.021515903994441032,0.02100621908903122,0.01963777467608452,0.018883712589740753,0.018554873764514923,0.018108757212758064,0.017413975670933723,0.017853811383247375,0.017770692706108093,0.017574742436408997,0.017016904428601265,0.01725047267973423,0.017234964296221733,0.01705041714012623,0.016698837280273438,0.016850706189870834,0.016766317188739777,0.016616366803646088,0.01651580072939396,0.016269691288471222,0.016446277499198914,0.01611235924065113,0.016056213527917862,0.01603984646499157,0.01580059342086315,0.016218654811382294,0.016093237325549126,0.0156013835221529,0.01585855707526207,0.015622985549271107,0.015603211708366871,0.015567990019917488,0.01573381945490837,0.015639087185263634,0.015387967228889465,0.015816856175661087,0.015744665637612343,0.015713786706328392,0.015290210023522377,0.015678884461522102,0.015515868552029133,0.015219727531075478,0.015085343271493912,0.015397677198052406,0.014925548806786537,0.014980032108724117,0.01548795122653246,0.015130871906876564,0.014919180423021317,0.015136186964809895,0.014833788387477398,0.01508297584950924,0.015030348673462868,0.0150996008887887,0.014556828886270523,0.015064391307532787,0.014856836758553982,0.014957134611904621,0.014791362918913364,0.014803781174123287,0.015121911652386189,0.014315626583993435,0.014797920361161232,0.01492698211222887,0.014953200705349445,0.014504902064800262,0.014669482596218586,0.0145032973960042,0.01421217992901802,0.014756878837943077,0.01460595428943634,0.014497770927846432,0.014664772897958755,0.01432730257511139,0.014912713319063187,0.014306802302598953,0.014416592195630074,0.01444650162011385,0.014485604129731655,0.01453983411192894,0.014334240928292274,0.014607742428779602,0.014329194091260433,0.014266980811953545,0.014386406168341637,0.01432103756815195,0.014262137934565544,0.014120161533355713,0.014177092351019382,0.014122219756245613,0.014310458675026894,0.014165405184030533,0.014162705279886723,0.014156975783407688,0.01416027918457985,0.014118555001914501,0.014019320718944073,0.01425262913107872,0.014300008304417133,0.013716998510062695,0.013903270475566387,0.014013472013175488,0.013762019574642181,0.013985464349389076,0.013716322369873524,0.013654557056725025,0.014007890596985817,0.013706596568226814,0.013822797685861588,0.013676914386451244,0.014026593416929245,0.01384756714105606,0.013719392009079456,0.013622798025608063,0.013584470376372337,0.01361771859228611,0.013759277760982513,0.013288126327097416,0.013476849533617496,0.013584798201918602,0.013717344962060452,0.013328957371413708,0.013488628901541233,0.013189546763896942,0.01329594012349844,0.013723311014473438,0.013354543596506119,0.013167280703783035,0.013200736604630947,0.013233033940196037,0.013121204450726509,0.013365557417273521,0.013395297341048717,0.013509088195860386,0.013204936869442463,0.013236960396170616,0.013100945390760899,0.013180249370634556,0.013387719169259071,0.013223208487033844,0.012838820926845074,0.012514352798461914,0.012863582000136375,0.013304011896252632,0.01315929926931858,0.013237887993454933,0.01271921768784523,0.01299565564841032,0.012724277563393116,0.01296714786440134,0.012900272384285927,0.012563001364469528,0.012383035384118557,0.012475529685616493,0.012817393988370895,0.01296654250472784,0.012330347672104836,0.012665688060224056,0.012590545229613781,0.012400814332067966,0.012812037952244282,0.0126988235861063,0.012334530241787434,0.012410612776875496,0.012380615808069706,0.01257877703756094,0.012177171185612679,0.012289180420339108,0.012316318228840828,0.01233894843608141,0.01199857983738184,0.011996099725365639,0.011959630064666271,0.012196773663163185,0.012121638283133507,0.012172732502222061,0.012164627201855183,0.011805352754890919,0.012260174378752708,0.0122132059186697,0.0116836903616786,0.012172089889645576,0.011710112914443016,0.01175644714385271,0.01156676560640335,0.011656916700303555,0.011805553920567036,0.011617259122431278,0.011920874007046223,0.011511470191180706,0.011745312251150608,0.011729052290320396,0.011968248523771763,0.011585982516407967,0.011498779989778996,0.011487074196338654","0.25451144576072693,0.23413707315921783,0.317918062210083,0.3072318136692047,0.2927394509315491,0.32619884610176086,0.34228697419166565,0.34803900122642517,0.3643074929714203,0.3774246871471405,0.3765757977962494,0.38621410727500916,0.38554903864860535,0.3851674497127533,0.3809104859828949,0.38405337929725647,0.3788106441497803,0.37862953543663025,0.379282146692276,0.3734837472438812,0.37332645058631897,0.37002643942832947,0.37151825428009033,0.3683508634567261,0.3665296733379364,0.3646599352359772,0.3642522096633911,0.35940274596214294,0.3576599061489105,0.36055564880371094,0.35590505599975586,0.3581392765045166,0.3569656312465668,0.35307955741882324,0.35516348481178284,0.352260947227478,0.35266685485839844,0.351918488740921,0.3437809944152832,0.35535645484924316,0.34332600235939026,0.3495604693889618,0.344867080450058,0.3504810631275177,0.3468899726867676,0.34719857573509216,0.3463827669620514,0.3457725942134857,0.3447704315185547,0.3471730649471283,0.34408488869667053,0.3403591215610504,0.3411063253879547,0.3461732864379883,0.33970823884010315,0.34392380714416504,0.3406178951263428,0.34303709864616394,0.3392774164676666,0.3408566415309906,0.3388533592224121,0.33791759610176086,0.3392386734485626,0.337711900472641,0.33979305624961853,0.33935418725013733,0.3428499698638916,0.33863362669944763,0.3395296037197113,0.33916011452674866,0.33929404616355896,0.33607056736946106,0.33844348788261414,0.33867931365966797,0.3361685276031494,0.3372378349304199,0.33618125319480896,0.33752143383026123,0.338238388299942,0.33299410343170166,0.3349989950656891,0.3387318551540375,0.33461466431617737,0.33578816056251526,0.33517900109291077,0.3353375494480133,0.3383583724498749,0.3365221321582794,0.3400695025920868,0.33718863129615784,0.33383288979530334,0.33783388137817383,0.3366188108921051,0.33792075514793396,0.34027186036109924,0.33823251724243164,0.33893588185310364,0.33886873722076416,0.34143170714378357,0.3390800952911377,0.3402094542980194,0.33652129769325256,0.33756688237190247,0.3386021554470062,0.3345418870449066,0.3350256383419037,0.3337407410144806,0.3378894329071045,0.3373008966445923,0.3342249393463135,0.33831271529197693,0.33805540204048157,0.3425053060054779,0.339932918548584,0.3384164273738861,0.34513676166534424,0.3407422602176666,0.3425854742527008,0.3382247984409332,0.34407374262809753,0.3435019552707672,0.3427213728427887,0.33969178795814514,0.34147176146507263,0.34266647696495056,0.34339141845703125,0.34632155299186707,0.34428080916404724,0.35015928745269775,0.3413693606853485,0.3458033502101898,0.34374919533729553,0.3460700511932373,0.34285402297973633,0.34677886962890625,0.3503018915653229,0.35222935676574707,0.3482542037963867,0.35223686695098877,0.3487226963043213,0.35279059410095215,0.35189223289489746,0.35196277499198914,0.3564537465572357,0.35957881808280945,0.3593888282775879,0.35604700446128845,0.3525830805301666,0.35756930708885193,0.36378970742225647,0.3630581796169281,0.36723950505256653,0.3648705780506134,0.35502171516418457,0.36312007904052734,0.3622128963470459,0.3701067864894867,0.36505141854286194,0.3672355115413666,0.37033748626708984,0.3731450140476227,0.3760521411895752,0.37053313851356506,0.3744172751903534,0.3698943555355072,0.38092172145843506,0.3750275671482086,0.3871210515499115,0.3827916383743286,0.3883998394012451,0.3852987289428711,0.38476455211639404,0.3839540481567383,0.38402339816093445,0.3931792974472046,0.3875921070575714,0.3864324986934662,0.38649868965148926,0.3981337249279022,0.38897764682769775,0.4017542898654938,0.3944033682346344,0.393961638212204,0.39790892601013184,0.39747604727745056,0.41394567489624023,0.4048628807067871,0.4081943929195404,0.4050796926021576,0.4179247319698334,0.42079684138298035,0.41097116470336914,0.4106093645095825,0.41580286622047424,0.41768744587898254,0.4219306409358978,0.4167046546936035,0.41378235816955566,0.4338109493255615,0.42995724081993103"
in_size,out_size,keep_only_size,RMSE,RMSE_by_timestep,loss,val_loss
8,8,8,0.4891673764733147,"0.13999100706287335,0.2707233967986537,0.3621483798611914,0.4698495982072526,0.5291227470038746,0.5711890134302556,0.6058875810412485,0.6318568909330159","0.10350299626588821,0.06690560281276703,0.04245306923985481,0.03051707148551941,0.028656423091888428,0.03169858828186989,0.03220563754439354,0.029853830114006996,0.027194658294320107,0.025158843025565147,0.02543635666370392,0.025171097368001938,0.02482520043849945,0.02366146445274353,0.023090574890375137,0.021848103031516075,0.02220258302986622,0.021654600277543068,0.02105952985584736,0.020815206691622734,0.020214980468153954,0.020281463861465454,0.019626639783382416,0.019690195098519325,0.019399989396333694,0.018791314214468002,0.01914730854332447,0.018884990364313126,0.018630512058734894,0.01877310499548912,0.017907775938510895,0.01855459436774254,0.018465440720319748,0.018393462523818016,0.018414676189422607,0.018097413703799248,0.017963455989956856,0.017512721940875053,0.017670677974820137,0.01737029477953911,0.01760024018585682,0.017926517874002457,0.017345793545246124,0.01734217070043087,0.017266763374209404,0.017444992437958717,0.01744093932211399,0.017289506271481514,0.017395054921507835,0.017254013568162918,0.01731959730386734,0.01702743023633957,0.01684548519551754,0.01680390164256096,0.016620853915810585,0.01657308265566826,0.01660100184381008,0.01722651533782482,0.016725914552807808,0.016872670501470566,0.01683553121984005,0.016844086349010468,0.01624145731329918,0.01631592959165573,0.016410641372203827,0.01651839166879654,0.016611246392130852,0.016526516526937485,0.016374144703149796,0.01605853997170925,0.016306299716234207,0.016483405604958534,0.016210896894335747,0.01693682186305523,0.016370130702853203,0.015904581174254417,0.01666169799864292,0.01622663624584675,0.016360556706786156,0.015980686992406845,0.016242263838648796,0.015828633680939674,0.016197627410292625,0.015891963616013527,0.01577332243323326,0.01625658944249153,0.016165098175406456,0.016109637916088104,0.015942087396979332,0.016212936490774155,0.01594947837293148,0.015760987997055054,0.015892300754785538,0.015769226476550102,0.01574217900633812,0.015533857978880405,0.015433264896273613,0.015548643656075,0.016004925593733788,0.01587897539138794","0.6349169015884399,0.4690918028354645,0.3427722454071045,0.26435840129852295,0.2327762097120285,0.22718794643878937,0.23454034328460693,0.2541511356830597,0.2816459834575653,0.3075679540634155,0.32431042194366455,0.32985547184944153,0.326130211353302,0.31786665320396423,0.3100726008415222,0.30548039078712463,0.30646881461143494,0.31326648592948914,0.32295262813568115,0.33315110206604004,0.34187886118888855,0.3491250276565552,0.3553318679332733,0.3604399859905243,0.3644028902053833,0.36796697974205017,0.37193217873573303,0.3756309449672699,0.379819393157959,0.38438940048217773,0.3876073658466339,0.3917698860168457,0.3959204852581024,0.39815187454223633,0.39996740221977234,0.40134426951408386,0.4025859832763672,0.4036090075969696,0.4059878885746002,0.40843796730041504,0.41014161705970764,0.4088554084300995,0.4061647951602936,0.40525802969932556,0.40591540932655334,0.40697845816612244,0.4083844721317291,0.4096573293209076,0.40929675102233887,0.40771839022636414,0.40675219893455505,0.4055213928222656,0.40509963035583496,0.40497884154319763,0.4047504961490631,0.40388742089271545,0.40245214104652405,0.4016300141811371,0.40217864513397217,0.4020465612411499,0.40164533257484436,0.402597576379776,0.4028010666370392,0.4001075029373169,0.3988834619522095,0.39918193221092224,0.4007960855960846,0.4000789225101471,0.39792904257774353,0.39672985672950745,0.3950415551662445,0.39380598068237305,0.3938835561275482,0.39570382237434387,0.39546337723731995,0.39342859387397766,0.39191290736198425,0.39071837067604065,0.3909720480442047,0.3904009163379669,0.3905521333217621,0.3911550045013428,0.3895813226699829,0.3895812928676605,0.3901640474796295,0.38930073380470276,0.38905858993530273,0.38898715376853943,0.38841426372528076,0.38953539729118347,0.39243343472480774,0.3919890820980072,0.38750600814819336,0.38406336307525635,0.3835790157318115,0.383815199136734,0.3852498531341553,0.3860835134983063,0.38684120774269104,0.38500475883483887"
in_size,out_size,keep_only_size,RMSE,RMSE_by_timestep,loss,val_loss
8,8,8,0.49162305805834217,"0.17364342403594785,0.283256244264681,0.3888957720253182,0.4595143883439969,0.5309402246029283,0.572590324590959,0.6061064046306235,0.6206288920372397","0.09627578407526016,0.0639093741774559,0.042333558201789856,0.031630776822566986,0.03056867979466915,0.032472267746925354,0.032970886677503586,0.03001250885426998,0.02697039395570755,0.025935741141438484,0.025857118889689445,0.02532789669930935,0.0247673150151968,0.023729145526885986,0.023098565638065338,0.02265547588467598,0.022289125248789787,0.021745260804891586,0.021499961614608765,0.021402793005108833,0.02035968005657196,0.019951213151216507,0.019107449799776077,0.01963387243449688,0.019458577036857605,0.02021101862192154,0.019037120044231415,0.018982401117682457,0.01827368326485157,0.018446339294314384,0.018495263531804085,0.01844283938407898,0.018266452476382256,0.01782684028148651,0.018136775121092796,0.017628971487283707,0.01820433884859085,0.018007628619670868,0.01764814183115959,0.017894994467496872,0.017554285004734993,0.01761295646429062,0.017375340685248375,0.017620118334889412,0.017519008368253708,0.01715404912829399,0.017287539318203926,0.017328128218650818,0.01663077063858509,0.01722441241145134","0.5980492234230042,0.4452487528324127,0.32801514863967896,0.2563321888446808,0.22829048335552216,0.22599296271800995,0.2373517006635666,0.257890909910202,0.28218594193458557,0.3033575713634491,0.3170441687107086,0.3225013315677643,0.3221908509731293,0.318084716796875,0.3140012323856354,0.31187930703163147,0.3127247989177704,0.317626953125,0.3265174329280853,0.33761465549468994,0.34825801849365234,0.35628941655158997,0.361531138420105,0.3637208640575409,0.3651215136051178,0.36790695786476135,0.3735269010066986,0.38083669543266296,0.3875509798526764,0.39272046089172363,0.39471420645713806,0.39502057433128357,0.3968453109264374,0.3998725116252899,0.4046977758407593,0.408076673746109,0.4094974994659424,0.40855884552001953,0.40859630703926086,0.41018012166023254,0.4134347438812256,0.4171516001224518,0.4194570481777191,0.417379230260849,0.4141834080219269,0.412083238363266,0.4108199179172516,0.4115469455718994,0.4126083552837372,0.4119114875793457"
in_size,out_size,keep_only_size,RMSE,RMSE_by_timestep,loss,val_loss
8,8,8,0.478500150561396,"0.14764550390455586,0.2817409741162487,0.3922860302399499,0.46606734331802685,0.5071766308760978,0.5598845152879947,0.5843052440102637,0.591292281251389","0.09498458355665207,0.06536690890789032,0.04593021795153618,0.03377780690789223,0.02933773398399353,0.030191488564014435,0.031137194484472275,0.02898036316037178,0.02761789597570896,0.025854943320155144,0.025879578664898872,0.025321463122963905,0.024882087484002113,0.024549340829253197,0.02323753945529461,0.023013446480035782,0.023153454065322876,0.022476712241768837,0.0226832777261734,0.02128097601234913,0.021398209035396576,0.02137572690844536,0.02099517360329628,0.02061500959098339,0.019989077001810074,0.02049596980214119,0.02065114863216877,0.01920069381594658,0.019271502271294594,0.019398564472794533,0.019154366105794907,0.019079411402344704,0.018395239487290382,0.018979132175445557,0.01831231266260147,0.01862163655459881,0.017898360267281532,0.017917875200510025,0.018410736694931984,0.018358353525400162,0.018577078357338905,0.017955293878912926,0.017696555703878403,0.018014706671237946,0.017908316105604172,0.01769253984093666,0.017795175313949585,0.0181175097823143,0.0173964723944664,0.01740610972046852,0.01741853542625904,0.017349660396575928,0.017480533570051193,0.016836484894156456,0.01708330400288105,0.017853450030088425,0.0171697735786438,0.017257997766137123,0.01739322766661644,0.01705753244459629,0.016597483307123184,0.016688119620084763,0.017248250544071198,0.01669505424797535,0.016994833946228027,0.016584666445851326,0.016302522271871567,0.016540613025426865,0.017201270908117294,0.01629822887480259,0.016437705606222153,0.01695632003247738,0.016224337741732597,0.016478829085826874,0.01674019917845726,0.015940561890602112,0.016226751729846,0.016105370596051216,0.016193317249417305,0.016359297558665276,0.015959661453962326,0.016003763303160667,0.016194596886634827,0.015938499942421913,0.0159780103713274,0.016139596700668335,0.015807777643203735,0.015528342686593533,0.016533780843019485,0.01622420735657215,0.015884222462773323,0.016144802793860435,0.01580389030277729,0.01557297632098198,0.015647143125534058,0.016249366104602814,0.015616463497281075,0.015493696555495262,0.015616411343216896,0.015487558208405972","0.6354189515113831,0.49739348888397217,0.3871813714504242,0.3084372282028198,0.26385006308555603,0.2516518831253052,0.2589062452316284,0.27476099133491516,0.2917289435863495,0.3056837022304535,0.3147679567337036,0.3190467655658722,0.32109832763671875,0.32085421681404114,0.319023460149765,0.31837594509124756,0.3200282156467438,0.3238507807254791,0.3281879425048828,0.33038651943206787,0.33486446738243103,0.34237420558929443,0.348397821187973,0.3517420291900635,0.3546316623687744,0.3597823679447174,0.3649122714996338,0.36606279015541077,0.36879172921180725,0.3743840157985687,0.37713727355003357,0.37812718749046326,0.38021978735923767,0.3852945864200592,0.38839253783226013,0.39175891876220703,0.39434608817100525,0.3952433168888092,0.39539244771003723,0.3978104293346405,0.39835357666015625,0.3985094130039215,0.3962690830230713,0.39624539017677307,0.39870139956474304,0.3976406753063202,0.3952004015445709,0.39433184266090393,0.3971025049686432,0.3987464904785156,0.39859452843666077,0.39816081523895264,0.39673295617103577,0.39490270614624023,0.39680197834968567,0.3971823751926422,0.395797997713089,0.39466461539268494,0.3944898843765259,0.3906841576099396,0.3876636326313019,0.38854169845581055,0.3883199393749237,0.38861438632011414,0.38936784863471985,0.3897038996219635,0.39086470007896423,0.3894590437412262,0.38768646121025085,0.3849617540836334,0.38200244307518005,0.38044700026512146,0.3821960389614105,0.38416457176208496,0.385138601064682,0.37902703881263733,0.3809007704257965,0.3808967173099518,0.3805913031101227,0.3832806646823883,0.3832850456237793,0.3782963752746582,0.3757995665073395,0.3809385299682617,0.3829924762248993,0.3794146478176117,0.3781924247741699,0.38017043471336365,0.37741830945014954,0.37364640831947327,0.37585577368736267,0.37688973546028137,0.3745686113834381,0.3698764741420746,0.36957916617393494,0.3737446367740631,0.3742511570453644,0.3723837435245514,0.37185633182525635,0.373424768447876"
in_size,out_size,keep_only_size,RMSE,RMSE_by_timestep,loss,val_loss
8,8,8,0.45948956766479343,"0.16351183892641374,0.23420382737690132,0.35218421295333807,0.4144453956268276,0.4870684894456438,0.5353883544825114,0.5677422320623112,0.5888352580531001","0.10417141765356064,0.09010520577430725,0.07394824922084808,0.05526088923215866,0.03790029138326645,0.030730243772268295,0.03276955336332321,0.030519021674990654,0.02816680632531643,0.027829034253954887,0.027287937700748444,0.02627733163535595,0.025248685851693153,0.02554851397871971,0.024948444217443466,0.024649783968925476,0.023742947727441788,0.022875772789120674,0.02252121828496456,0.022043343633413315,0.021284887567162514,0.020964398980140686,0.020748978480696678,0.020386595278978348,0.019125482067465782,0.01896999031305313,0.019012976437807083,0.01910802163183689,0.01876848191022873,0.019062042236328125,0.017965015023946762,0.018506808206439018,0.01802375167608261,0.017854303121566772,0.01776125282049179,0.017893929034471512,0.017699502408504486,0.01745898276567459,0.017366673797369003,0.01710827648639679,0.01723480597138405,0.017925944179296494,0.017230253666639328,0.017108457162976265,0.017019163817167282,0.017158688977360725,0.017000794410705566,0.01692134328186512,0.017247546464204788,0.016999024897813797,0.017103271558880806,0.016819609329104424,0.016337571665644646,0.016699887812137604,0.016520248726010323,0.01605689711868763,0.016351453959941864,0.016096414998173714,0.01637081615626812,0.01617838442325592,0.016332067549228668,0.015887824818491936,0.01592911034822464,0.01569780521094799,0.016136329621076584,0.01547124981880188,0.015916425734758377,0.016234364360570908,0.016058417037129402,0.015727877616882324,0.015194046311080456,0.015657620504498482,0.015556467697024345,0.015442484058439732,0.014759901911020279,0.015210135839879513,0.01515220943838358,0.015624708496034145,0.015092083252966404,0.015523110516369343,0.015304465778172016,0.014994153752923012,0.01519770734012127,0.01550434622913599,0.014855359680950642,0.015394664369523525,0.015286381356418133,0.015200840309262276,0.014879382215440273,0.014992292039096355,0.015044624917209148,0.014451415278017521,0.014739355072379112,0.01442049816250801,0.014278463087975979,0.0149781983345747,0.014569882303476334,0.014620118774473667,0.01477150060236454,0.014670394361019135","0.7307353019714355,0.6593415141105652,0.5635204911231995,0.44023850560188293,0.3114802837371826,0.2344576120376587,0.2271783947944641,0.25866398215293884,0.29878222942352295,0.3229910731315613,0.32484278082847595,0.31342825293540955,0.29958370327949524,0.2940466105937958,0.3011144995689392,0.31683823466300964,0.33198902010917664,0.3399726152420044,0.3426041603088379,0.3451591730117798,0.3529147803783417,0.36725422739982605,0.3782186508178711,0.38525983691215515,0.3893677890300751,0.3946405351161957,0.4011589288711548,0.40699777007102966,0.4083993434906006,0.4024254381656647,0.40091201663017273,0.40714383125305176,0.409908652305603,0.4056861400604248,0.40035247802734375,0.4030543267726898,0.4052569568157196,0.39883995056152344,0.3920562267303467,0.39500924944877625,0.3980925381183624,0.39883044362068176,0.3950718343257904,0.39284273982048035,0.39196157455444336,0.38686004281044006,0.38424792885780334,0.3886992633342743,0.3896811902523041,0.3870023787021637,0.3843356668949127,0.38214969635009766,0.3805283308029175,0.3856973648071289,0.3853433132171631,0.37912511825561523,0.3749769628047943,0.3769010305404663,0.3790866434574127,0.37518367171287537,0.37152814865112305,0.3710016906261444,0.3670552968978882,0.3673299252986908,0.37010666728019714,0.37082281708717346,0.3699059784412384,0.3646862804889679,0.3594874441623688,0.36079779267311096,0.3601655960083008,0.36049720644950867,0.35637542605400085,0.3566107749938965,0.3589901030063629,0.35744166374206543,0.35361695289611816,0.35481002926826477,0.34963881969451904,0.34956279397010803,0.3546394407749176,0.3481779396533966,0.34407153725624084,0.3485656678676605,0.34600648283958435,0.3439958095550537,0.34507808089256287,0.3446016013622284,0.33778461813926697,0.34167709946632385,0.3419196307659149,0.3347426950931549,0.3347906768321991,0.34063732624053955,0.34007763862609863,0.3410217761993408,0.33548295497894287,0.3318970501422882,0.33654162287712097,0.3335774838924408"
in_size,out_size,keep_only_size,RMSE,RMSE_by_timestep,loss,val_loss
8,8,8,0.4671498919819132,"0.21106261779225954,0.2764571642026956,0.37072902758156456,0.43576372715204215,0.4867400415822907,0.5406954456894989,0.5605144290294087,0.5860137637049682","0.10264179855585098,0.08951158821582794,0.07532557100057602,0.06075403466820717,0.04678068310022354,0.03785078227519989,0.03374698758125305,0.03165268898010254,0.029905891045928,0.029355356469750404,0.028646275401115417,0.0264802947640419,0.027226107195019722,0.02626200020313263,0.025091717019677162,0.02455771341919899,0.02564762532711029,0.02412320487201214,0.023308349773287773,0.023038463667035103,0.022325316444039345,0.022684497758746147,0.02196335606276989,0.020998066291213036,0.0215703584253788,0.02023741975426674,0.02053823694586754,0.020112808793783188,0.020580120384693146,0.019872082397341728,0.020201243460178375,0.019761938601732254,0.02025742456316948,0.01893496885895729,0.01913580112159252,0.019035743549466133,0.018708275631070137,0.018954334780573845,0.01850041374564171,0.018786080181598663,0.0189311932772398,0.018737928941845894,0.01823686994612217,0.018744971603155136,0.018085956573486328,0.017973387613892555,0.017495209351181984,0.017624083906412125,0.01762133464217186,0.018027720972895622,0.01766030862927437,0.017653292044997215,0.01771600730717182,0.01712506264448166,0.017376495525240898,0.0177072174847126,0.016638200730085373,0.01708606444299221,0.01720757968723774,0.016706665977835655,0.016747651621699333,0.016539592295885086,0.016624363139271736,0.01692996732890606,0.01668081432580948,0.016542969271540642,0.016829362139105797,0.016685159876942635,0.016534127295017242,0.01666407100856304,0.016095686703920364,0.016039438545703888,0.01666497066617012,0.01603059284389019,0.015760330483317375,0.015909338369965553,0.015949402004480362,0.016254054382443428,0.015503647737205029,0.016539866104722023,0.01619790680706501,0.01605709083378315,0.015671992674469948,0.015597633086144924,0.01576794497668743,0.015447813086211681,0.015919750556349754,0.015410450287163258,0.016017192974686623,0.015071633271872997,0.016171660274267197,0.015421840362250805,0.015413212589919567,0.015160982497036457,0.01592933014035225,0.015286220237612724,0.015769997611641884,0.015557203441858292,0.01586318388581276,0.014926955103874207","0.726630687713623,0.6630582213401794,0.5843724012374878,0.4903765022754669,0.3932584524154663,0.31440722942352295,0.2694600522518158,0.26264041662216187,0.28121596574783325,0.2998994290828705,0.30594733357429504,0.3016124665737152,0.2971484661102295,0.29916563630104065,0.30505871772766113,0.311373233795166,0.3191862106323242,0.3250925838947296,0.3275498151779175,0.32857009768486023,0.32869067788124084,0.334377259016037,0.34428009390830994,0.35176992416381836,0.35739731788635254,0.3624558448791504,0.3682541847229004,0.37483811378479004,0.3761616051197052,0.3729059398174286,0.37765824794769287,0.3832150995731354,0.380435973405838,0.3767906129360199,0.3808964192867279,0.38237109780311584,0.3763643801212311,0.37403830885887146,0.3746291697025299,0.37734270095825195,0.3746950626373291,0.3710038363933563,0.37415972352027893,0.3740524351596832,0.3709162175655365,0.37285175919532776,0.37330135703086853,0.36811885237693787,0.37188246846199036,0.3733023703098297,0.36692747473716736,0.36513829231262207,0.36889156699180603,0.3688250482082367,0.36427822709083557,0.36417457461357117,0.3651965856552124,0.3610909879207611,0.3603006899356842,0.3620535433292389,0.3618384301662445,0.3564842641353607,0.3537869453430176,0.3544267416000366,0.35550251603126526,0.3519444465637207,0.353277325630188,0.3523956835269928,0.35284003615379333,0.35315343737602234,0.34580788016319275,0.3429138958454132,0.3463273048400879,0.34984612464904785,0.3421938121318817,0.33844098448753357,0.3424748480319977,0.34788092970848083,0.34099507331848145,0.33575960993766785,0.34298357367515564,0.3383825719356537,0.3303203284740448,0.3386704921722412,0.3412637412548065,0.3295585513114929,0.3297818899154663,0.3367806375026703,0.3295895755290985,0.3249565362930298,0.32913753390312195,0.33028730750083923,0.3266523480415344,0.32409703731536865,0.32465991377830505,0.3265680968761444,0.3228640854358673,0.3231761157512665,0.32894831895828247,0.3249414563179016"
in_size,out_size,keep_only_size,RMSE,RMSE_by_timestep,loss,val_loss
8,8,8,0.4688124589301778,"0.16993912140917725,0.2524811660122778,0.35161583594078943,0.4279743094907785,0.49538735982594917,0.545003551997747,0.5816573876203683,0.6073891284180472","0.10115130990743637,0.0803210511803627,0.057193443179130554,0.03549735248088837,0.02944786474108696,0.032509513199329376,0.02877926640212536,0.026587732136249542,0.026454132050275803,0.02593185193836689,0.023736702278256416,0.023961571976542473,0.023270258679986,0.02231503278017044,0.022001756355166435,0.02144794724881649,0.020860284566879272,0.01983923837542534,0.01947934180498123,0.0192680936306715,0.018779944628477097,0.01859721913933754,0.01825733482837677,0.0182079765945673,0.017951983958482742,0.017794279381632805,0.017966561019420624,0.017462968826293945,0.017350809648633003,0.0173354372382164,0.017052091658115387,0.01701095886528492,0.01713518612086773,0.016809307038784027,0.016757816076278687,0.016756100580096245,0.016437815502285957,0.016826709732413292,0.016872137784957886,0.01637071743607521,0.0165391992777586,0.016320137307047844,0.01606559380888939,0.016545675694942474,0.01589099131524563,0.01610996574163437,0.016438810154795647,0.01606867089867592,0.01590128056704998,0.01577489823102951,0.01566196046769619,0.015536526218056679,0.015602458268404007,0.0157163068652153,0.015622882172465324,0.015733307227492332,0.015425419434905052,0.01569221541285515,0.01562577672302723,0.015752598643302917,0.015376180410385132,0.01514529064297676,0.014921830035746098,0.015129760839045048,0.015338459983468056,0.015005621127784252,0.014980042353272438,0.015063836239278316,0.014800190925598145,0.01471534464508295,0.014938190579414368,0.01493358239531517,0.0146860396489501,0.01467230636626482,0.014432939700782299,0.014702598564326763,0.014789818786084652,0.014539144933223724,0.014590123668313026,0.014438205398619175,0.014224560000002384,0.014748331159353256,0.014460859820246696,0.014357993379235268,0.014418584294617176,0.014077337458729744,0.014393709599971771,0.014374748803675175,0.014294102787971497,0.014221236109733582,0.013903594575822353,0.014330710284411907,0.01408657431602478,0.013993126340210438,0.01386291068047285,0.014307375997304916,0.014151260256767273,0.013795583508908749,0.014012322761118412,0.01401525642722845","0.7046552300453186,0.5974240899085999,0.45137763023376465,0.29492148756980896,0.21991567313671112,0.22718127071857452,0.2784595489501953,0.32653138041496277,0.3404182493686676,0.3245325982570648,0.29958513379096985,0.2872530519962311,0.29613950848579407,0.31832870841026306,0.3387034833431244,0.3483072817325592,0.34983858466148376,0.352270245552063,0.3669820725917816,0.38780078291893005,0.4027106463909149,0.4047585427761078,0.4051239490509033,0.4107411205768585,0.4146573543548584,0.4127620458602905,0.41166508197784424,0.40627995133399963,0.40326979756355286,0.4041696786880493,0.4021807610988617,0.3983174264431,0.4001537561416626,0.3998291492462158,0.3948333263397217,0.39191532135009766,0.39372703433036804,0.391127347946167,0.3900326192378998,0.39185741543769836,0.38647112250328064,0.3837707042694092,0.382580041885376,0.38165274262428284,0.3809293210506439,0.38048648834228516,0.3772144317626953,0.3699050843715668,0.3720262944698334,0.37552157044410706,0.37039437890052795,0.3694645166397095,0.3709200918674469,0.3669593334197998,0.36281347274780273,0.3649624288082123,0.3598714768886566,0.35590115189552307,0.35865363478660583,0.35721075534820557,0.35182619094848633,0.3522399961948395,0.35043033957481384,0.35073280334472656,0.3507966101169586,0.3465001583099365,0.34497714042663574,0.3491847813129425,0.3473912179470062,0.3423859179019928,0.3432384431362152,0.3402867317199707,0.33996573090553284,0.3374393880367279,0.3359917104244232,0.33729150891304016,0.3351568281650543,0.33651208877563477,0.3347938358783722,0.3325355350971222,0.3358589708805084,0.33275505900382996,0.33325302600860596,0.3338497579097748,0.3283175528049469,0.3285999596118927,0.32996609807014465,0.33014625310897827,0.3318415880203247,0.329923152923584,0.326306015253067,0.33013632893562317,0.3285812437534332,0.32709893584251404,0.32980599999427795,0.32462888956069946,0.32588449120521545,0.323161780834198,0.3195194900035858,0.3280601501464844"
in_size,out_size,keep_only_size,RMSE,RMSE_by_timestep,loss,val_loss
8,8,8,0.47717048769648474,"0.2186704004619369,0.28522102861064924,0.37101633580488164,0.43924291076156796,0.4968328813875585,0.5475133969948475,0.5866715280592673,0.6021779521065812","0.10644792765378952,0.09831807017326355,0.08701686561107635,0.07000575214624405,0.047898441553115845,0.03037029504776001,0.03478836640715599,0.030331876128911972,0.027818892151117325,0.028240635991096497,0.027256770059466362,0.026546673849225044,0.025421516969799995,0.025505203753709793,0.025909151881933212,0.025669094175100327,0.024613963440060616,0.02448756992816925,0.024375781416893005,0.023753229528665543,0.023027144372463226,0.023004770278930664,0.022257249802350998,0.02176874317228794,0.021433763206005096,0.021177640184760094,0.02096627466380596,0.020896025002002716,0.02041028067469597,0.019895004108548164,0.01942535489797592,0.02022722363471985,0.019405992701649666,0.019628599286079407,0.019650794565677643,0.01961296796798706,0.01936318166553974,0.019083496183156967,0.018923522904515266,0.018719768151640892,0.018947705626487732,0.017800841480493546,0.018598522990942,0.018584012985229492,0.017952758818864822,0.018260259181261063,0.017482750117778778,0.01749173179268837,0.01753856986761093,0.017241429537534714,0.017464537173509598,0.017336560413241386,0.016835898160934448,0.017139289528131485,0.016761189326643944,0.016716916114091873,0.016620516777038574,0.016689997166395187,0.01666153594851494,0.01643509604036808,0.016441529616713524,0.016271037980914116,0.01652662269771099,0.015928953886032104,0.016177259385585785,0.016465410590171814,0.016193337738513947,0.016104979440569878,0.01643693633377552,0.015794804319739342,0.01589062809944153,0.016155414283275604,0.015784800052642822,0.015967030078172684,0.015390666201710701,0.015272586606442928,0.015508587472140789,0.015921609476208687,0.015389039181172848,0.015818357467651367,0.01542777381837368,0.015292175114154816,0.015456896275281906,0.015371556393802166,0.015144669450819492,0.015293666161596775,0.015418527647852898,0.014978311955928802,0.014806943945586681,0.01518212165683508,0.015234100632369518,0.015009097754955292,0.015134799294173717,0.015258119441568851,0.015149825252592564,0.01463539432734251,0.014352230355143547,0.014863117597997189,0.01452348381280899,0.014895414002239704","0.7632036209106445,0.725180447101593,0.6601409912109375,0.5498055219650269,0.38540327548980713,0.238952174782753,0.21936263144016266,0.2751149535179138,0.3312959671020508,0.3465613126754761,0.32906782627105713,0.30122265219688416,0.28295791149139404,0.285005122423172,0.3006238341331482,0.3152775764465332,0.3194921314716339,0.31234011054039,0.3024425506591797,0.3017200231552124,0.3071950674057007,0.3133719563484192,0.3184989094734192,0.32037970423698425,0.3222960829734802,0.3275880217552185,0.33507969975471497,0.3412463366985321,0.34741437435150146,0.35350918769836426,0.35515812039375305,0.3586174249649048,0.3616342544555664,0.3655970096588135,0.36543741822242737,0.35915735363960266,0.3602062165737152,0.359953910112381,0.35235944390296936,0.3508007526397705,0.3558785617351532,0.3546012341976166,0.350496768951416,0.35322239995002747,0.35765811800956726,0.3589835464954376,0.3561178147792816,0.3572728931903839,0.3578626215457916,0.35903000831604004,0.3605774939060211,0.3609097898006439,0.35789361596107483,0.35870227217674255,0.35863223671913147,0.35523173213005066,0.3523544371128082,0.35303035378456116,0.3499424457550049,0.3511113226413727,0.3517998158931732,0.35027459263801575,0.35099682211875916,0.34653881192207336,0.3399658501148224,0.3469729423522949,0.34598037600517273,0.33713266253471375,0.3420872986316681,0.3424057960510254,0.3370474874973297,0.33804085850715637,0.33510246872901917,0.3365316689014435,0.33465421199798584,0.3330857753753662,0.33335891366004944,0.327161580324173,0.3282611668109894,0.3317483961582184,0.327512264251709,0.3294277489185333,0.32854995131492615,0.3269985020160675,0.32641327381134033,0.325336754322052,0.3231101334095001,0.3239397704601288,0.3219737112522125,0.31719985604286194,0.32218626141548157,0.3167809545993805,0.31564852595329285,0.31918641924858093,0.31863075494766235,0.3148132860660553,0.3126152455806732,0.3156709372997284,0.3150239884853363,0.3150247633457184"
in_size,out_size,keep_only_size,RMSE,RMSE_by_timestep,loss,val_loss
8,8,8,0.4747995502110107,"0.16465509136442302,0.2628740959696167,0.3637205462313133,0.4413785678946432,0.5085125475085374,0.5397259134038707,0.5934297266683295,0.6249202674407124","0.07813625782728195,0.04052734375,0.030762504786252975,0.030508480966091156,0.02807389199733734,0.02650563418865204,0.02500215172767639,0.023611700162291527,0.022292276844382286,0.022309672087430954,0.022342460229992867,0.020980101078748703,0.019966425374150276,0.019687198102474213,0.019916648045182228,0.01941833086311817,0.01965358853340149,0.018945511430501938,0.019109494984149933,0.01844249665737152,0.018152499571442604,0.018240120261907578,0.01803603209555149,0.017759736627340317,0.017930496484041214,0.017480991780757904,0.017782406881451607,0.01787107065320015,0.017533592879772186,0.01745511218905449,0.01698840782046318,0.017662877216935158,0.01683310978114605,0.017529023811221123,0.017031105235219002,0.016777390614151955,0.017034076154232025,0.016633205115795135,0.017194604501128197,0.016574563458561897,0.016654808074235916,0.016794933006167412,0.016963904723525047,0.01605466939508915,0.016010845080018044,0.015787014737725258,0.015872644260525703,0.016171764582395554,0.015615924261510372,0.016090787947177887,0.015995826572179794,0.01594633050262928,0.016067063435912132,0.016012663021683693,0.015897801145911217,0.016074415296316147,0.015858324244618416,0.015290651470422745,0.01573832891881466,0.01530451886355877,0.015393153764307499,0.015695899724960327,0.015702828764915466,0.015570379793643951,0.015680450946092606,0.015545905567705631,0.015092224813997746,0.015061289072036743,0.015040985308587551,0.015318185091018677,0.015495602041482925,0.01537986472249031,0.014906342141330242,0.014961631037294865,0.015421059913933277,0.015190385282039642,0.014744669198989868,0.014787327498197556,0.014899014495313168,0.015183137729763985,0.014325223863124847,0.01493019424378872,0.014649225398898125,0.014165823347866535,0.014667771756649017,0.014807545579969883,0.014589735306799412,0.014896838925778866,0.014427492395043373,0.014644043520092964,0.01510389894247055,0.014552806504070759,0.014240369200706482,0.014424649067223072,0.014964819885790348,0.014469067566096783,0.014766968786716461,0.014406628906726837,0.014132624492049217,0.014044837094843388","0.5261010527610779,0.3409388065338135,0.2567455470561981,0.2550945580005646,0.29733145236968994,0.3381885588169098,0.35093316435813904,0.34533366560935974,0.3382493555545807,0.3439888060092926,0.3604443073272705,0.3768022954463959,0.38474538922309875,0.38670483231544495,0.3903914988040924,0.395876407623291,0.4075097143650055,0.4169807434082031,0.4227856695652008,0.4222947657108307,0.41562628746032715,0.4132441580295563,0.4162099361419678,0.41487064957618713,0.4106734097003937,0.4066462516784668,0.40521439909935,0.40439891815185547,0.40008416771888733,0.39815554022789,0.40291908383369446,0.4037558138370514,0.398029088973999,0.3921121060848236,0.39538249373435974,0.3949807584285736,0.388845294713974,0.38394665718078613,0.38431596755981445,0.3833153545856476,0.38140663504600525,0.3778427541255951,0.37547817826271057,0.3773643970489502,0.3839855492115021,0.38140568137168884,0.3746351897716522,0.3752199709415436,0.3712884485721588,0.37285733222961426,0.37374091148376465,0.37020325660705566,0.36764565110206604,0.3670642375946045,0.3676708936691284,0.3614985942840576,0.3574775159358978,0.36120322346687317,0.3637648820877075,0.36781907081604004,0.3656599521636963,0.3622859716415405,0.36696696281433105,0.370074987411499,0.3597036302089691,0.3643984794616699,0.3672478199005127,0.3603583872318268,0.3616892099380493,0.35996124148368835,0.36479413509368896,0.36721429228782654,0.35863104462623596,0.3634863793849945,0.36464500427246094,0.36421439051628113,0.3599996566772461,0.35777387022972107,0.36188364028930664,0.3651212751865387,0.35440656542778015,0.35415375232696533,0.3654813766479492,0.36001503467559814,0.3597869873046875,0.36298835277557373,0.3597157895565033,0.35726913809776306,0.36279404163360596,0.35860228538513184,0.3639902174472809,0.36958885192871094,0.3549741804599762,0.3591872751712799,0.3663167953491211,0.36218228936195374,0.35338497161865234,0.3629815876483917,0.36815905570983887,0.3589499294757843"
in_size,out_size,keep_only_size,RMSE,RMSE_by_timestep,loss,val_loss
8,8,8,0.4847754420081204,"0.15100958934031156,0.2670937984472903,0.3746732923344426,0.44566097612554895,0.5210859368778165,0.5693442281131929,0.6064143774844554,0.6282352288205368","0.09947822988033295,0.07094854861497879,0.050038598477840424,0.03620266169309616,0.029682550579309464,0.02877056784927845,0.028938328847289085,0.02858016826212406,0.02737015299499035,0.025924094021320343,0.02514020912349224,0.024326983839273453,0.02388373389840126,0.023529889062047005,0.022659145295619965,0.02230074629187584,0.02165880799293518,0.021335138007998466,0.020713631063699722,0.020519914105534554,0.020268768072128296,0.019790606573224068,0.019526736810803413,0.0191662535071373,0.01921170763671398,0.018955973908305168,0.018722455948591232,0.01809626631438732,0.018138883635401726,0.018091576173901558,0.01796543598175049,0.017758861184120178,0.01786123402416706,0.017599906772375107,0.017846809700131416,0.017615510150790215,0.017137795686721802,0.017166536301374435,0.017097758129239082,0.01694909669458866,0.017145279794931412,0.01669216901063919,0.016677599400281906,0.017075292766094208,0.01645899936556816,0.016609996557235718,0.016627449542284012,0.016471004113554955,0.01669568009674549,0.016504347324371338,0.016408491879701614,0.016441313549876213,0.016338061541318893,0.01651104912161827,0.016419148072600365,0.01648559980094433,0.01613849401473999,0.0160149484872818,0.015972282737493515,0.01620556227862835,0.016164397820830345,0.016025634482502937,0.015918154269456863,0.01601232960820198,0.01579972729086876,0.016047537326812744,0.015841098502278328,0.015810875222086906,0.015991536900401115,0.015653735026717186,0.01568775810301304,0.015590071678161621,0.01561354473233223,0.015871578827500343,0.015698693692684174,0.01563885621726513,0.015256395563483238,0.015676384791731834,0.01524468045681715,0.015380480326712132,0.015364300459623337,0.015428496524691582,0.015236237086355686,0.015224374830722809,0.015374526381492615,0.015355740673840046,0.014974644407629967,0.014988095499575138,0.015319892205297947,0.01502880360931158,0.014859951101243496,0.014823651872575283,0.015056053176522255,0.014855567365884781,0.014992867596447468,0.01457517221570015,0.015169215388596058,0.014986799098551273,0.015234997496008873,0.014841807074844837","0.6430432200431824,0.5107113718986511,0.4001670181751251,0.3152424991130829,0.26151809096336365,0.2382766157388687,0.2369757443666458,0.24816648662090302,0.2640370726585388,0.278996080160141,0.29042842984199524,0.29742756485939026,0.30113065242767334,0.3028360605239868,0.3033088743686676,0.3037138283252716,0.30529364943504333,0.3084961473941803,0.31261613965034485,0.31785479187965393,0.3241148293018341,0.33053329586982727,0.33772048354148865,0.34481310844421387,0.3510377109050751,0.35703620314598083,0.36258935928344727,0.36779165267944336,0.37268686294555664,0.3776681423187256,0.38417184352874756,0.3899160921573639,0.39324259757995605,0.39401742815971375,0.3981447219848633,0.40206727385520935,0.4038868844509125,0.4055485725402832,0.40648868680000305,0.4082295000553131,0.40765848755836487,0.4085599482059479,0.4097677171230316,0.40916845202445984,0.40780290961265564,0.4095862805843353,0.4113578796386719,0.4112612307071686,0.40854835510253906,0.4068869352340698,0.4069405496120453,0.40801259875297546,0.40858355164527893,0.40538978576660156,0.4053860604763031,0.40593409538269043,0.4056697189807892,0.4054459035396576,0.4045186936855316,0.40368831157684326,0.40209826827049255,0.40021419525146484,0.39955934882164,0.39813104271888733,0.3964565098285675,0.3968968689441681,0.39758065342903137,0.39565756916999817,0.39353394508361816,0.3921945095062256,0.3931780755519867,0.3926794230937958,0.3916499614715576,0.390597939491272,0.3901383876800537,0.3892957270145416,0.38880082964897156,0.3890487849712372,0.3882729709148407,0.3869750201702118,0.3855794370174408,0.3874349892139435,0.38771095871925354,0.3864419460296631,0.38497915863990784,0.3836824893951416,0.38223496079444885,0.3810542821884155,0.382722407579422,0.3856448233127594,0.3839866816997528,0.3778691589832306,0.3751411736011505,0.377170205116272,0.3798942565917969,0.3781052529811859,0.3749103844165802,0.3759663999080658,0.3788546621799469,0.378039687871933"
in_size,out_size,keep_only_size,RMSE,RMSE_by_timestep,loss,val_loss
8,8,8,0.47809007239033896,"0.17044555821925617,0.27002441395458904,0.37379994995363597,0.4526986743162026,0.4992781697214784,0.5497647188294302,0.588431502128083,0.6195733273693748","0.1022922471165657,0.07103598862886429,0.05031276121735573,0.037564512342214584,0.03294506296515465,0.033168286085128784,0.0328654944896698,0.03208671882748604,0.030339915305376053,0.030224010348320007,0.02874819189310074,0.028468560427427292,0.027586819604039192,0.02607601322233677,0.02648836001753807,0.025502203032374382,0.02530108019709587,0.024702055379748344,0.023624112829566002,0.023461155593395233,0.023115508258342743,0.022843409329652786,0.021803073585033417,0.021681763231754303,0.021679464727640152,0.021463192999362946,0.0216408409178257,0.021056044846773148,0.020626835525035858,0.020049218088388443,0.020500347018241882,0.01983150839805603,0.01978866010904312,0.01996828429400921,0.01980799064040184,0.019006650894880295,0.019826050847768784,0.01836376264691353,0.01902460679411888,0.01856904663145542,0.01916719228029251,0.017874112352728844,0.01850713975727558,0.018711544573307037,0.018405281007289886,0.01887110434472561,0.018925176933407784,0.017697125673294067,0.018635695800185204,0.017366958782076836,0.018296414986252785,0.017809180542826653,0.019062677398324013,0.01677556522190571,0.017802121117711067,0.017693500965833664,0.018362058326601982,0.017475305125117302,0.01803681254386902,0.018159344792366028,0.017467087134718895,0.017435748130083084,0.01771733909845352,0.01763358898460865,0.01828954741358757,0.017168350517749786,0.017497016116976738,0.01756414584815502,0.017490258440375328,0.016301220282912254,0.017575157806277275,0.01707918383181095,0.01674199290573597,0.01691993698477745,0.016887901350855827,0.017472481355071068,0.01758664660155773,0.016296010464429855,0.016564995050430298,0.01625772938132286,0.01762922666966915,0.0165262371301651,0.01578018255531788,0.0164007768034935,0.016649791970849037,0.016171256080269814,0.017038190737366676,0.01647709682583809,0.01644342765212059,0.017170486971735954,0.01643776334822178,0.01604141853749752,0.01673971116542816,0.015998002141714096,0.016806427389383316,0.016688494011759758,0.016535652801394463,0.016202162951231003,0.015724217519164085,0.0158214271068573","0.6507093906402588,0.5132541060447693,0.4001089334487915,0.3150206506252289,0.2644960582256317,0.24484331905841827,0.24641387164592743,0.2619433104991913,0.2838485538959503,0.30455049872398376,0.3184777796268463,0.32368335127830505,0.3215736448764801,0.3175692856311798,0.314635694026947,0.3138505220413208,0.3146311044692993,0.319035142660141,0.3257397711277008,0.33203813433647156,0.3379077911376953,0.34149298071861267,0.3448777198791504,0.3481619358062744,0.3531908690929413,0.35959121584892273,0.3652510643005371,0.36882278323173523,0.3693191111087799,0.37141910195350647,0.3759344518184662,0.3801381587982178,0.383558988571167,0.3873988687992096,0.3899247646331787,0.38927340507507324,0.3916243612766266,0.3955039083957672,0.4023149907588959,0.4063604772090912,0.40387216210365295,0.4015190601348877,0.4044894278049469,0.4072188436985016,0.4066371023654938,0.4033435881137848,0.4046432077884674,0.4115735590457916,0.41502809524536133,0.4078764021396637,0.3998967111110687,0.39747533202171326,0.40051206946372986,0.40178847312927246,0.4030580222606659,0.4041103422641754,0.40302249789237976,0.40046370029449463,0.3976562023162842,0.3978103697299957,0.3999745845794678,0.3987677991390228,0.39750656485557556,0.3970956802368164,0.39692994952201843,0.39553818106651306,0.3907763957977295,0.3873368501663208,0.3901166617870331,0.3894994258880615,0.390188604593277,0.3907109498977661,0.38792309165000916,0.3879106938838959,0.38931092619895935,0.386740118265152,0.3853285312652588,0.3881923258304596,0.3878377377986908,0.3831268846988678,0.3852262496948242,0.38484737277030945,0.3788141906261444,0.37792834639549255,0.38624072074890137,0.3891032636165619,0.38688239455223083,0.38322994112968445,0.3807743489742279,0.3815176784992218,0.3849693238735199,0.38203296065330505,0.383199542760849,0.38035354018211365,0.3827458322048187,0.38657593727111816,0.3806377351284027,0.37851157784461975,0.3752027750015259,0.3757753074169159"
in_size,out_size,keep_only_size,RMSE,RMSE_by_timestep,loss,val_loss
8,8,8,0.4826444314318873,"0.16067386902489084,0.26279803935027696,0.3975785927712102,0.46044828689626294,0.5099698957665286,0.5621512560292257,0.5931616867928626,0.6146971478441573","0.09322407096624374,0.0650222972035408,0.04478690028190613,0.03260425478219986,0.030009550973773003,0.030245287343859673,0.029941076412796974,0.029490966349840164,0.02737949974834919,0.026710379868745804,0.025401093065738678,0.02477136254310608,0.023592138662934303,0.024175239726901054,0.023448998108506203,0.02296118251979351,0.022260678932070732,0.022057345137000084,0.021941769868135452,0.021022196859121323,0.0204736590385437,0.021370388567447662,0.020751185715198517,0.019549481570720673,0.019576434046030045,0.019240321591496468,0.01898089051246643,0.01922709494829178,0.019277486950159073,0.018725339323282242,0.01850220002233982,0.01857071928679943,0.017906460911035538,0.018619786947965622,0.018309123814105988,0.018228337168693542,0.018237220123410225,0.01783522590994835,0.017814671620726585,0.018179595470428467,0.0181816965341568,0.018207188695669174,0.01771652325987816,0.017916133627295494,0.017950192093849182,0.01742727868258953,0.017411580309271812,0.01731952466070652,0.017043523490428925,0.017160028219223022,0.01751074008643627,0.017249077558517456,0.017353655770421028,0.01766444556415081,0.017063600942492485,0.017236074432730675,0.016765259206295013,0.017207404598593712,0.016720768064260483,0.01713584177196026,0.016898544505238533,0.016431767493486404,0.017383843660354614,0.016517017036676407,0.016245126724243164,0.015965869650244713,0.01690853200852871,0.01642158254981041,0.016278201714158058,0.017080795019865036,0.016065752133727074,0.015913624316453934,0.01630946807563305,0.016360368579626083,0.01603306457400322,0.01652064174413681,0.015974627807736397,0.016154861077666283,0.015803752467036247,0.015818703919649124,0.016443831846117973,0.015815384685993195,0.015988174825906754,0.0160873644053936,0.015661844983696938,0.015375740826129913,0.015669066458940506,0.015567686408758163,0.015950925648212433,0.01557449996471405,0.015794428065419197,0.01549958623945713,0.015905819833278656,0.015806879848241806,0.01577797904610634,0.015147057361900806,0.015889452770352364,0.015800997614860535,0.015390894375741482,0.015289937146008015","0.6122452616691589,0.47711411118507385,0.36699044704437256,0.28968775272369385,0.24946820735931396,0.2379869669675827,0.24459703266620636,0.26187384128570557,0.2829509377479553,0.3007175028324127,0.31125375628471375,0.3150283694267273,0.3144584000110626,0.3125515878200531,0.31202760338783264,0.3137856423854828,0.318813681602478,0.3269887864589691,0.336221307516098,0.34459248185157776,0.34898415207862854,0.3526238203048706,0.35817909240722656,0.3636409342288971,0.36809396743774414,0.3746609687805176,0.3819826543331146,0.3877291679382324,0.3924131393432617,0.39379802346229553,0.3965141773223877,0.39881905913352966,0.400346040725708,0.4053395688533783,0.4046885669231415,0.40448522567749023,0.40601682662963867,0.40869858860969543,0.41101494431495667,0.4124204218387604,0.4111861288547516,0.4088808298110962,0.4080113470554352,0.4110633134841919,0.4141417443752289,0.4109739363193512,0.4061920642852783,0.4073255956172943,0.40974822640419006,0.4089639484882355,0.40649017691612244,0.4061761796474457,0.4068784713745117,0.4062776565551758,0.4039512872695923,0.403546541929245,0.4017716646194458,0.40243640542030334,0.4013916552066803,0.40055227279663086,0.3993723392486572,0.39648905396461487,0.3949650228023529,0.39477524161338806,0.39454254508018494,0.39246049523353577,0.3900638520717621,0.3898993730545044,0.3880021572113037,0.38848677277565,0.3900515139102936,0.3916674852371216,0.39140668511390686,0.3884831964969635,0.3862638771533966,0.3896874189376831,0.3915366232395172,0.3883817195892334,0.3858892023563385,0.38869500160217285,0.38853833079338074,0.38393381237983704,0.3828200399875641,0.3840573728084564,0.3827703893184662,0.3800351321697235,0.3813752233982086,0.3838566541671753,0.38828244805336,0.384321928024292,0.38014546036720276,0.3813844621181488,0.3831779956817627,0.3806396722793579,0.38150453567504883,0.3806494176387787,0.37942013144493103,0.37926769256591797,0.3798104226589203,0.3765891492366791"
