model,save_path,in_size,out_size,keep_only,RMSE,MAE,MSE,MAPE,RMSE_by_timestep,MAE_by_timestep,MSE_by_timestep,MAPE_by_timestep,loss,val_loss,columns
V0,../../saved_models/model_V0.172,8,8,None,0.4119464996939295,0.3132999888705559,0.16969991861008063,0.5846804734874967,"0.27652791307671504,0.3505165183551863,0.3958893623631979,0.41951179561077295,0.4374425055406106,0.45284438066460864,0.4574139248171905,0.4689347729391576","0.2185918072096795,0.26787701305860906,0.3027392284478946,0.31927494692067876,0.3347365522565567,0.3475295969388993,0.3510546750945079,0.3645960910376221","0.07646768671056328,0.12286182963984169,0.15672838723233942,0.17599014665657495,0.1913559456536471,0.205068033099513,0.20922749861666642,0.2198998212714993","0.4668816973451651,0.5317739964016522,0.5573724640215705,0.5650730726251152,0.604460326965615,0.6082338314101694,0.6538504816927325,0.6897979174379536","0.10809335857629776,0.10375800728797913,0.09954781085252762,0.0956546738743782,0.0914972722530365,0.0871858075261116,0.0828147605061531,0.07818544656038284,0.07342264801263809,0.06897497922182083,0.06394025683403015,0.05955594778060913,0.05496395751833916,0.05039536580443382,0.04624734818935394,0.042543910443782806,0.03940580412745476,0.03728795051574707,0.035916220396757126,0.03471287339925766,0.03383822366595268,0.034042444080114365,0.03383072465658188,0.03434870392084122,0.03413357585668564,0.0345863439142704,0.03359503671526909,0.03265220299363136,0.03346162289381027,0.03227885439991951,0.03126221522688866,0.03106752224266529,0.03053389862179756,0.03041032701730728,0.030147023499011993","0.7618803977966309,0.7398273348808289,0.7174641489982605,0.6943812370300293,0.670346736907959,0.6451731324195862,0.618694007396698,0.5907861590385437,0.561546266078949,0.5311172008514404,0.4996378719806671,0.4675463140010834,0.4353761672973633,0.4038057327270508,0.3735940456390381,0.3455636501312256,0.3205393850803375,0.2992914021015167,0.2823830842971802,0.2697181701660156,0.2608449161052704,0.25502046942710876,0.2514992952346802,0.24953924119472504,0.24869830906391144,0.24878861010074615,0.24969923496246338,0.25136804580688477,0.2537192106246948,0.25646400451660156,0.2593965232372284,0.26229265332221985,0.2649390697479248,0.26703450083732605,0.2685733139514923","Alface Crespa - Roça"
V0,../../saved_models/model_V0.173,8,8,None,0.41783836785478373,0.3170764071646759,0.17458890165154958,0.584514689553719,"0.29635945171278033,0.36129830920393513,0.4031656344452155,0.42775544726789916,0.4370360461829864,0.45298660259025075,0.46550552473481566,0.46897314160423914","0.22880329407688896,0.27390489652382877,0.3073525665426637,0.3230460777727742,0.3360321947006188,0.34736819947014796,0.35667630766552505,0.3634277205649597","0.08782892461949977,0.13053646823362233,0.16254252879761313,0.18297472266736048,0.19100050566325744,0.20519686212625776,0.21669539355863607,0.21993580754614972","0.4374476891446434,0.514947524358421,0.5600770121891878,0.5609793552368773,0.616970543752877,0.6313944475321005,0.6635700195170442,0.6907309246986006","0.10818858444690704,0.1028905138373375,0.09806818515062332,0.09318709373474121,0.08865702152252197,0.08420415222644806,0.07939720153808594,0.07474391162395477,0.07025681436061859,0.06585749238729477,0.06136444956064224,0.05712372809648514,0.052933696657419205,0.04920962452888489,0.04532493278384209,0.042294275015592575,0.04034066200256348,0.0381377674639225,0.037106774747371674,0.036275677382946014,0.036115724593400955,0.034787047654390335,0.03475344553589821,0.03484338894486427,0.03472546488046646,0.03434503823518753,0.03437549248337746,0.0338129997253418,0.03341967985033989,0.032199617475271225,0.03201104328036308,0.031733639538288116,0.030972324311733246,0.03065948560833931,0.030835533514618874","0.754744291305542,0.727238655090332,0.7002703547477722,0.6734229922294617,0.646328866481781,0.6187682151794434,0.5905623435974121,0.5616376996040344,0.5320739150047302,0.5019426941871643,0.4714087247848511,0.44087672233581543,0.4108686149120331,0.38201555609703064,0.3550432622432709,0.3306044638156891,0.3094150125980377,0.2918580174446106,0.27813461422920227,0.26799559593200684,0.26099324226379395,0.256329208612442,0.25344789028167725,0.2519480288028717,0.2515060603618622,0.2519334554672241,0.2532190978527069,0.2552264928817749,0.2576974928379059,0.26040151715278625,0.26314577460289,0.26580315828323364,0.26803040504455566,0.2697888910770416,0.27104511857032776","Alface Crespa - Roça"
V0,../../saved_models/model_V0.174,8,8,None,0.4091994341059757,0.3100280332515811,0.16744417687265073,0.5722316081126648,"0.2697622176366327,0.3401847755431573,0.3885162425236707,0.41229930565601125,0.44227053875636263,0.45325261675062806,0.4583688896410224,0.46795009159375545","0.2125245853045846,0.25953026962845704,0.2935561307610514,0.3177450684072992,0.3355782438145471,0.3476810929808041,0.3518793028466812,0.36172957226922486","0.07277165406423398,0.11572568151134831,0.1509448707047117,0.169990717444429,0.19560322945184327,0.2054379345912917,0.21010203899074376,0.21897728822260412","0.4452047414697337,0.5139390068533289,0.5236187512921381,0.5874030978946229,0.5788651671270619,0.6131402517384865,0.6424277023664122,0.6732541461595354","0.10989666730165482,0.10541124641895294,0.10101363807916641,0.09672067314386368,0.09209620207548141,0.08738484233617783,0.08313295245170593,0.07835444062948227,0.07338052988052368,0.06860356032848358,0.0637158527970314,0.05884673073887825,0.05415872856974602,0.04958122596144676,0.04567841440439224,0.042512621730566025,0.03903166577219963,0.03697933256626129,0.034983716905117035,0.03421828895807266,0.03361121937632561,0.03373539447784424,0.034225597977638245,0.03345993906259537,0.03346266970038414,0.033224452286958694,0.032029516994953156,0.032001517713069916,0.03257938101887703,0.03139784559607506,0.030310163274407387,0.03083900921046734,0.03030456230044365,0.029786834493279457,0.03036903776228428,0.029669443145394325","0.7721080780029297,0.7481934428215027,0.7241849899291992,0.6997168064117432,0.6745543479919434,0.648353636264801,0.6209235191345215,0.5920330882072449,0.5616815090179443,0.5301182270050049,0.4976147711277008,0.46461740136146545,0.43178820610046387,0.39978209137916565,0.3694373667240143,0.3416830003261566,0.3173379898071289,0.2970254123210907,0.2810550332069397,0.26922520995140076,0.260894238948822,0.2552025318145752,0.25145742297172546,0.2490348070859909,0.24767722189426422,0.24726085364818573,0.2477322369813919,0.2490503042936325,0.2511601150035858,0.253851979970932,0.256835013628006,0.2598492205142975,0.2625673711299896,0.2648595869541168,0.26666733622550964,0.26785358786582947","Alface Crespa - Roça"
V0,../../saved_models/model_V0.175,8,8,None,0.40787039590037866,0.3098204308191812,0.16635825985193164,0.5706466731644334,"0.27665592061378036,0.34151443292048494,0.38721901400574155,0.4134527622721503,0.42901577701072385,0.4533914103251836,0.45531636909250806,0.4689162155752192","0.2189196949797319,0.2605550516087548,0.2968814562676562,0.31617389064834545,0.32967973495310204,0.3465031956990851,0.3470695719628806,0.36278085043389385","0.07653849841065834,0.1166321078930004,0.14993856480757867,0.1709431866304712,0.18405453692411514,0.205563770956659,0.20731299596358502,0.21988241722938542","0.4662275382650851,0.5093163758880273,0.5443530827555666,0.5699594393627034,0.5898925731171631,0.6107586877129686,0.6161092318129539,0.658556456400999","0.1085088923573494,0.10397178679704666,0.09956260025501251,0.09524259716272354,0.09038595110177994,0.08560417592525482,0.08101332932710648,0.07589492946863174,0.07054997980594635,0.06590501219034195,0.06070997938513756,0.05591370537877083,0.051038265228271484,0.04664040729403496,0.0424957200884819,0.03938361257314682,0.03672854229807854,0.03497157245874405,0.03365224599838257,0.03364013507962227,0.033270467072725296,0.033015891909599304,0.03341115638613701,0.033563341945409775,0.03294849023222923,0.03287965804338455,0.031937118619680405,0.03191247209906578,0.03105461411178112,0.03115408681333065,0.03088679350912571,0.030508466064929962,0.02956645004451275,0.02961326576769352,0.028923669829964638","0.7669329047203064,0.742841899394989,0.7183192372322083,0.6929769515991211,0.6665225625038147,0.6388285160064697,0.6097920536994934,0.5793361663818359,0.547482430934906,0.5146345496177673,0.4810663163661957,0.4473499357700348,0.4141825735569,0.38229718804359436,0.3527204096317291,0.32636967301368713,0.3041154146194458,0.2864866256713867,0.27350863814353943,0.2646714448928833,0.2589929401874542,0.2554604113101959,0.25332605838775635,0.25218090415000916,0.2519911527633667,0.2527817189693451,0.25449493527412415,0.25703164935112,0.26011157035827637,0.26349076628685,0.26683124899864197,0.26981112360954285,0.2721189558506012,0.27373751997947693,0.2746220827102661","Alface Crespa - Roça"
V0,../../saved_models/model_V0.176,8,8,None,0.41272133483517737,0.31402200863654073,0.1703389002281306,0.5853391580808207,"0.2743332560021625,0.3497872993565304,0.39081293152145014,0.4174488475418654,0.4414286935138023,0.4543719022421641,0.4641195008573036,0.470513544806356","0.2169690179812144,0.2672977972466484,0.29908801953991565,0.32140908445360655,0.3397154675379247,0.34833079213152873,0.35603494680832753,0.3633309433931601","0.07525873534874802,0.12235115479113502,0.15273474744438967,0.1742635403140316,0.1948592914573024,0.20645382554716274,0.2154069110760326,0.22138299584624277","0.4662778121822902,0.5212980789993488,0.551116892874905,0.5842087434333851,0.6098570844475139,0.623179752303733,0.6462337009078138,0.680541199497575","0.10831685364246368,0.10346027463674545,0.09844006597995758,0.09372392296791077,0.08890377730131149,0.08379960805177689,0.07907406240701675,0.07416882365942001,0.06929784268140793,0.06449305266141891,0.05968031659722328,0.05523214489221573,0.05055517703294754,0.046580079942941666,0.042278435081243515,0.03981311246752739,0.03785496577620506,0.03572392463684082,0.03473573923110962,0.034454815089702606,0.03355405479669571,0.03403739258646965,0.034453269094228745,0.03447343409061432,0.034288834780454636,0.03329179063439369,0.03317881375551224,0.03296533599495888,0.032327402383089066,0.03186318650841713,0.031001437455415726,0.030425164848566055,0.03082605078816414,0.030287154018878937,0.03002973273396492","0.7582952380180359,0.7312355637550354,0.7044606804847717,0.6774816513061523,0.6500204205513,0.6219117045402527,0.5928336977958679,0.562749445438385,0.5317726731300354,0.5000461935997009,0.46790409088134766,0.43590760231018066,0.40466544032096863,0.3748507499694824,0.3472362458705902,0.3226635754108429,0.30198097229003906,0.28560471534729004,0.2734711468219757,0.2651098072528839,0.2596116364002228,0.2560085654258728,0.25359299778938293,0.2520405352115631,0.2512849271297455,0.25134173035621643,0.2522815763950348,0.2541130483150482,0.2566255033016205,0.2595052719116211,0.2624669373035431,0.2652367055416107,0.26763153076171875,0.26946330070495605,0.27060285210609436","Alface Crespa - Roça"
V0,../../saved_models/model_V0.177,8,8,None,0.4132964367773869,0.31274155670960274,0.1708139446528846,0.5681653088371241,"0.2751584460527891,0.3604912337152541,0.3884268499947125,0.42435645901064173,0.43350315373297155,0.45038418374741895,0.4677172148368229,0.4694266127751003","0.21717066537138424,0.26952973760598775,0.2977882641743561,0.3206008757669127,0.3297829201260551,0.3455913944919507,0.3581924617578947,0.3632761343822808","0.07571217043418564,0.12995392958554597,0.15087541779681488,0.18007840430405048,0.18792498429643234,0.20284591296982882,0.21875939305471473,0.22036134478150393","0.4595204174796669,0.4807841840647413,0.5573234192984792,0.5527336417053462,0.5872051139415158,0.6181560511130046,0.6225963698268564,0.6670032732673827","0.11137361824512482,0.10651788115501404,0.10195952653884888,0.09746501594781876,0.09307791292667389,0.088387131690979,0.0839424729347229,0.0792246162891388,0.07476906478404999,0.06973034888505936,0.06500130891799927,0.06090497970581055,0.05573322996497154,0.05128023773431778,0.047617390751838684,0.04461090266704559,0.040999289602041245,0.03861910104751587,0.03701828047633171,0.03604372590780258,0.035258661955595016,0.03448105975985527,0.03454715386033058,0.034172579646110535,0.03430268540978432,0.03337789326906204,0.033248014748096466,0.03280314803123474,0.03235684707760811,0.031656794250011444,0.03151848912239075,0.030881367623806,0.030501961708068848,0.03078455664217472,0.029927274212241173,0.029775865375995636","0.7796074748039246,0.7550614476203918,0.7308213710784912,0.7063510417938232,0.6811534762382507,0.6551169753074646,0.6280961632728577,0.5999123454093933,0.5704827904701233,0.5398932695388794,0.508375883102417,0.476388543844223,0.4445358216762543,0.4134272038936615,0.3837541341781616,0.3564116060733795,0.3321026563644409,0.31144410371780396,0.29473164677619934,0.28179696202278137,0.2721734941005707,0.2651631832122803,0.26024720072746277,0.2569907605648041,0.255113810300827,0.25448474287986755,0.2549685537815094,0.2563653886318207,0.2584741413593292,0.26096630096435547,0.2635738253593445,0.2659972906112671,0.2680325210094452,0.2696150243282318,0.2707306742668152,0.2713644206523895","Alface Crespa - Roça"
V0,../../saved_models/model_V0.178,8,8,None,0.4113281209255,0.31167059555238985,0.1691908230641027,0.5668378141791985,"0.27541293418450496,0.3457337602698707,0.39195454821647013,0.41854321583507637,0.43610323490932956,0.45014112538979406,0.4607545243464561,0.4735270634778051","0.21570584233576523,0.26467899967166597,0.30003899427756997,0.31930701263914174,0.33114141005461284,0.34379909845882495,0.3507094743179735,0.3679839326635653","0.07585228431611846,0.11953183299034441,0.1536283678675772,0.17517842352156732,0.1901860314983819,0.2026270327671903,0.212294731705729,0.22422787984591325","0.43659371122402396,0.5227598417717831,0.5451767290590973,0.5677041648594324,0.5779596281234655,0.6034437480897754,0.6330065873240752,0.6480581029819351","0.10735809803009033,0.10279763489961624,0.09827051311731339,0.09378042072057724,0.08917740732431412,0.08439583331346512,0.07986322790384293,0.07510647177696228,0.06982847303152084,0.06514935940504074,0.06013425812125206,0.055276498198509216,0.05105217546224594,0.0469166561961174,0.04317205771803856,0.04043031856417656,0.03733137622475624,0.035452116280794144,0.03505804389715195,0.03474991396069527,0.0339532308280468,0.03430281579494476,0.033794716000556946,0.034940239042043686,0.03301633149385452,0.03420621156692505,0.03348615765571594,0.03287484124302864,0.031740233302116394,0.031414613127708435,0.03030247986316681,0.030344519764184952,0.029926786199212074,0.03004620596766472,0.029489722102880478,0.029216641560196877","0.7562543749809265,0.731622040271759,0.7068778872489929,0.681708812713623,0.6556999087333679,0.6285123229026794,0.6001424789428711,0.5704500675201416,0.5395322442054749,0.5077678561210632,0.4755229949951172,0.4432763159275055,0.4115862548351288,0.38137730956077576,0.353549987077713,0.3289394676685333,0.30811893939971924,0.29150107502937317,0.2790726125240326,0.27035441994667053,0.26438239216804504,0.26023223996162415,0.25729334354400635,0.2553394138813019,0.2542678415775299,0.2542032301425934,0.2551460266113281,0.25701281428337097,0.2596445679664612,0.26271364092826843,0.26574674248695374,0.2683943212032318,0.2703465223312378,0.2716871201992035,0.272408127784729,0.27250051498413086","Alface Crespa - Roça"
V0,../../saved_models/model_V0.179,8,8,None,0.40805772345984,0.30950598939366014,0.16651110567522726,0.5781535952885748,"0.26744390253096473,0.33897762421433647,0.3861566141483238,0.41451068608877195,0.4377244557280969,0.4560031419432597,0.4598580861381721,0.46228747674937337","0.2123357290228571,0.2578733945336582,0.295093460080803,0.31923226773726787,0.33679892049832977,0.3473248549840958,0.35164590324959993,0.3557433850426703","0.07152624100099217,0.11490582971799593,0.14911693065049744,0.17181910888178442,0.19160269914245864,0.20793886546212467,0.21146945938666248,0.2137097111593024","0.45951361078127373,0.49697552837114856,0.5467448635167835,0.5825130698005199,0.6173466475613891,0.6033594668760426,0.6402805310979673,0.6784950443034742","0.10408017039299011,0.09960705041885376,0.09494312852621078,0.09057409316301346,0.08555402606725693,0.08038165420293808,0.07527577131986618,0.07026202231645584,0.0647994875907898,0.05962469056248665,0.05436437577009201,0.04991888254880905,0.04574435576796532,0.0419272743165493,0.038433391600847244,0.03631792217493057,0.03473438322544098,0.03429466858506203,0.033479876816272736,0.033805299550294876,0.034167904406785965,0.03384317085146904,0.03290271386504173,0.03321865200996399,0.033587660640478134,0.031968019902706146,0.031566131860017776,0.031003756448626518,0.030772248283028603,0.030650021508336067,0.029992125928401947,0.02979842945933342,0.029589025303721428","0.7333903908729553,0.7086606025695801,0.6830797791481018,0.6564589738845825,0.6284024119377136,0.5987719297409058,0.567591667175293,0.5350322127342224,0.5014102458953857,0.4671150743961334,0.4326700270175934,0.3990192413330078,0.36709174513816833,0.3378465175628662,0.3122732937335968,0.29106637835502625,0.27461791038513184,0.2628832161426544,0.2551663815975189,0.2504154443740845,0.24761033058166504,0.24593453109264374,0.2451196163892746,0.24519814550876617,0.2462969571352005,0.24832314252853394,0.2511718273162842,0.2546442449092865,0.25828927755355835,0.26185348629951477,0.26495274901390076,0.26738372445106506,0.26910141110420227","Alface Crespa - Roça"
V0,../../saved_models/model_V0.180,8,8,None,0.41749965916216114,0.317740616113649,0.17430596540052073,0.5860587899525378,"0.29412988390058303,0.3635274442038341,0.3949458162404796,0.4250276860963922,0.4435341247504582,0.4554006099318265,0.46347854071477174,0.46928435638702337","0.23103768140594086,0.27500063933366414,0.30351571373387026,0.3247967991961696,0.34015931600877153,0.3484639778639622,0.35569287349420986,0.3632579278726039","0.08651238860337046,0.1321522026893717,0.15598219776585867,0.1806485339484533,0.19672251981815506,0.20738971552627963,0.21481235770309431,0.2202278071495828","0.4674934581651756,0.5126347608110263,0.5673612839976672,0.5860526093297423,0.6032151804288078,0.6321903534820759,0.6449395923753496,0.6745830810304583","0.11084941774606705,0.10642221570014954,0.10223829001188278,0.09815206378698349,0.09387222677469254,0.09002448618412018,0.08540529012680054,0.08135684579610825,0.07676014304161072,0.07253480702638626,0.06751655787229538,0.06343483924865723,0.05854829400777817,0.054412368685007095,0.05027300491929054,0.04648610204458237,0.043008118867874146,0.040201231837272644,0.03802250698208809,0.03692011907696724,0.035881780087947845,0.035301730036735535,0.035277269780635834,0.03488742187619209,0.03500320762395859,0.035300493240356445,0.03473591059446335,0.034642674028873444,0.03469133377075195,0.033314161002635956,0.03304388001561165,0.03287068009376526,0.031461238861083984,0.031385064125061035,0.0313168540596962,0.03136461228132248,0.030711453408002853","0.7786114811897278,0.7553603053092957,0.732722282409668,0.7100585103034973,0.6868817806243896,0.6627644896507263,0.6375649571418762,0.6111641526222229,0.5834352374076843,0.554334819316864,0.5240573883056641,0.49297261238098145,0.4614808261394501,0.4301450252532959,0.3996795415878296,0.3708275854587555,0.3443939983844757,0.3210945129394531,0.3016040027141571,0.2863193154335022,0.275031179189682,0.26726457476615906,0.26219069957733154,0.25897276401519775,0.25701332092285156,0.25602397322654724,0.25593698024749756,0.25671640038490295,0.25837430357933044,0.2607298493385315,0.2636025846004486,0.266774982213974,0.2698734998703003,0.27264443039894104,0.27488937973976135,0.2764681279659271,0.27731600403785706","Alface Crespa - Roça"
V0,../../saved_models/model_V0.181,8,8,None,0.4099663588484853,0.31165782631880534,0.16807241538748502,0.578308486098263,"0.27272003356030555,0.34354340091273977,0.39245425096472697,0.4118725195049212,0.43621581615841587,0.4538919661972696,0.46240384292775255,0.4673352730758807","0.21539190052909868,0.26324827506529647,0.29755482508157116,0.318691083752627,0.3330151963301303,0.34817256053898915,0.3559270153832652,0.36126175386946524","0.0743762167051342,0.11802206831069144,0.1540203391002849,0.1696389723233317,0.1902842382667529,0.20601791697842337,0.21381731395435363,0.218402257460908","0.45257192983096,0.5191783233369418,0.5272378477684404,0.5852456646272627,0.5888866287446406,0.6268926637830228,0.6559807164325365,0.6704741142622993","0.10749451071023941,0.10263451933860779,0.09820599853992462,0.09383352100849152,0.08937913924455643,0.08512124419212341,0.08067215979099274,0.07615113258361816,0.07189954817295074,0.06754381209611893,0.06242566183209419,0.058010101318359375,0.05330787971615791,0.049120914191007614,0.04495310038328171,0.04199102893471718,0.038838472217321396,0.036244265735149384,0.0348593108355999,0.033924687653779984,0.033569011837244034,0.0335848368704319,0.03358857333660126,0.03376244008541107,0.03357604518532753,0.034350551664829254,0.032442785799503326,0.032713569700717926,0.032221924513578415,0.031906746327877045,0.031137902289628983,0.030419832095503807,0.030496468767523766,0.02987712062895298,0.029721233993768692,0.0290059931576252","0.7566891312599182,0.7319090962409973,0.707574188709259,0.6833049654960632,0.6584761738777161,0.6328651309013367,0.606311559677124,0.5788158774375916,0.5503053069114685,0.5208061933517456,0.49051395058631897,0.4597640931606293,0.42897728085517883,0.39881157875061035,0.36985936760902405,0.34296903014183044,0.31900694966316223,0.298748642206192,0.28266337513923645,0.2707250118255615,0.26260897517204285,0.2575245201587677,0.2544843852519989,0.2526790201663971,0.251677006483078,0.25137248635292053,0.2517528831958771,0.25294235348701477,0.2548958361148834,0.2575230002403259,0.26053038239479065,0.26361480355262756,0.26662710309028625,0.269246906042099,0.2713037431240082,0.2726931869983673","Alface Crespa - Roça"
V0,../../saved_models/model_V0.182,8,8,None,0.4010742606338978,0.29226324619793137,0.16086056254302777,0.4266801140210589,"0.29054950339129865,0.3791655451327064,0.38773067778010956,0.3982407685437613,0.4104070510449871,0.42794018602697725,0.45054702074165587,0.4418244213733913","0.21729405367490418,0.27143401702456516,0.27758763177097434,0.2868479874303329,0.29714966188242986,0.31243163351986325,0.33953393097040807,0.3358270533099732","0.08441901392093028,0.1437665106157824,0.15033507849182315,0.15859570973032563,0.16843394754744265,0.18313280281680389,0.2029926178991821,0.19520881932193201","0.3744188905851885,0.40498043560999014,0.41786142362282847,0.41736908089475,0.4150056081306266,0.4292458020821274,0.4764832051886347,0.4780764660543251","0.11229520291090012,0.10286611318588257,0.09346107393503189,0.08462464064359665,0.07632524520158768,0.06731906533241272,0.05930555984377861,0.051858410239219666,0.044822514057159424,0.038684967905282974,0.03413498029112816,0.030265644192695618,0.02932685613632202,0.027931613847613335,0.02844834327697754,0.02889248915016651,0.028656136244535446,0.028451554477214813,0.028222858905792236,0.027462266385555267,0.02647518925368786,0.025975830852985382,0.025929171591997147,0.0249232966452837,0.02582644671201706,0.025435537099838257,0.024898700416088104","0.7603030800819397,0.7225157618522644,0.6850733757019043,0.6468680500984192,0.6072778105735779,0.5661625862121582,0.5235599875450134,0.4800465404987335,0.43648436665534973,0.39406266808509827,0.3546171188354492,0.3200363218784332,0.29205191135406494,0.2713165581226349,0.25770303606987,0.25040218234062195,0.2483171969652176,0.25072476267814636,0.25669756531715393,0.26521313190460205,0.27514201402664185,0.2851012647151947,0.29458048939704895,0.3025806248188019,0.3082428276538849,0.31173646450042725,0.3130404055118561","Alface Crespa - Roça,TEMPERATURA DO PONTO DE ORVALHO (°C)"
V0,../../saved_models/model_V0.183,8,8,None,0.39939850215377337,0.29064675266063034,0.1595191635226777,0.4263280806414626,"0.3144955068525049,0.3671501447170975,0.39657364988132887,0.41621048504514446,0.4146281024848372,0.41811271191202726,0.4228345819629969,0.4317650298566108","0.23147100872639859,0.2632927276046852,0.285067990302641,0.3010503778758355,0.29916039770668246,0.3043702823464919,0.3113409737916576,0.3294202629306513","0.09890742383041395,0.13479922876578562,0.15727065978019883,0.17323116786151443,0.1719164633701767,0.1748182398624299,0.17878908370382235,0.18642104100708","0.3707256686378885,0.4025314858451661,0.4172789542625456,0.4169084496135205,0.4363946342221761,0.4418094452885445,0.44873485479824937,0.4762411524636098","0.1136992797255516,0.10349472612142563,0.09378643333911896,0.08464449644088745,0.07572650909423828,0.06653621047735214,0.05818347632884979,0.05008384585380554,0.04326574131846428,0.036408815532922745,0.03196023404598236,0.028433075174689293,0.027335066348314285,0.02751319669187069,0.02825157903134823,0.029773568734526634,0.02961323969066143,0.02924269624054432,0.02862553484737873,0.027958551421761513,0.02701161429286003,0.026002705097198486,0.026025107130408287,0.02521147020161152,0.02524818852543831,0.024651335552334785","0.7706025242805481,0.7313067317008972,0.6920490264892578,0.6516217589378357,0.6097357869148254,0.5659224987030029,0.5201308131217957,0.47319936752319336,0.4262595474720001,0.3809150755405426,0.33913496136665344,0.3030436336994171,0.27470123767852783,0.2552460730075836,0.24423867464065552,0.24033541977405548,0.2420368194580078,0.2482898086309433,0.25797227025032043,0.2696913778781891,0.28216060996055603,0.29417380690574646,0.304657518863678,0.31271788477897644,0.31791940331459045,0.32057538628578186","Alface Crespa - Roça,TEMPERATURA DO PONTO DE ORVALHO (°C)"
V0,../../saved_models/model_V0.184,8,8,None,0.39404021430982955,0.28624930478155997,0.15526769049333639,0.42555833160575546,"0.29201381103401486,0.36201641600495216,0.39399084446907473,0.4095946369703898,0.4097032950977241,0.4191198073056006,0.4156056616116357,0.4319383655583159","0.21716734780310343,0.26105781962948404,0.2813576385255003,0.2957244863467667,0.2943412799944304,0.3072524599527849,0.30418477760020224,0.3289086284002081","0.08527206583460935,0.1310558854570706,0.15522878552545463,0.1677677666349054,0.16785679001393278,0.17566141287588377,0.17272806596364543,0.1865707516411893","0.3714785689047978,0.3982924482315062,0.4101710248711877,0.4195547577567734,0.43863594954309726,0.44610239818854425,0.43993677730841657,0.48029472804172096","0.1084446981549263,0.0998002365231514,0.09155347943305969,0.08276063948869705,0.07473621517419815,0.06650186330080032,0.057981181889772415,0.050685424357652664,0.043621405959129333,0.0375455804169178,0.03255075961351395,0.028836878016591072,0.027653327211737633,0.02784418687224388,0.028414785861968994,0.029264062643051147,0.02982761152088642,0.029495488852262497,0.028171395882964134,0.027722112834453583,0.026239486411213875,0.025462571531534195,0.02506597526371479,0.02512751892209053,0.025491628795862198,0.024788683280348778","0.7560653686523438,0.7185516357421875,0.6805137991905212,0.6411967277526855,0.6000486016273499,0.5570237636566162,0.5121375918388367,0.46609029173851013,0.42008116841316223,0.3756524622440338,0.3346847593784332,0.2995162308216095,0.2720647156238556,0.2535080015659332,0.24330998957157135,0.24011892080307007,0.242298886179924,0.24887724220752716,0.25867441296577454,0.27036044001579285,0.28248968720436096,0.29392334818840027,0.3037779629230499,0.31131601333618164,0.3161608874797821,0.31835564970970154","Alface Crespa - Roça,TEMPERATURA DO PONTO DE ORVALHO (°C)"
V0,../../saved_models/model_V0.185,8,8,None,0.39772077351070406,0.29033279970146336,0.15818181368195278,0.4325116659550912,"0.3250070892466328,0.3414632046651451,0.3861687835247391,0.4116914976003404,0.4149294046490669,0.4238009432999683,0.4279692276886242,0.4355229643276062","0.23879180902950659,0.24612733633703449,0.2772717377650977,0.2974325646860111,0.30178098545298476,0.30981991128714576,0.31644748116884863,0.334990571885078","0.10562960806056873,0.1165971201401908,0.1491263293689768,0.1694898891964111,0.17216641084242912,0.17960723954194294,0.18315765984839746,0.18968025245670533","0.3890072670459176,0.40473433386178614,0.40930930311930536,0.43221582520752716,0.44289456736275185,0.44201043874649376,0.4453129181948244,0.4946086741021238","0.10466793179512024,0.09568604826927185,0.08667977899312973,0.07813583314418793,0.07057973742485046,0.06271370500326157,0.05488744378089905,0.04786664620041847,0.04098530858755112,0.035242579877376556,0.03155334293842316,0.029270615428686142,0.027876585721969604,0.028923049569129944,0.02949078567326069,0.02907412499189377,0.03058978170156479,0.02942611463367939,0.028167445212602615,0.028244195505976677,0.026905981823801994,0.025679517537355423,0.025441419333219528,0.025504890829324722,0.02516462467610836,0.025073176249861717","0.7376044392585754,0.6992514729499817,0.6608899235725403,0.6215512156486511,0.5805726051330566,0.5379259586334229,0.4937763214111328,0.4488890469074249,0.40444985032081604,0.3621107041835785,0.3239971399307251,0.2922345697879791,0.26815107464790344,0.2527182102203369,0.24500946700572968,0.2435522824525833,0.24718743562698364,0.2545793354511261,0.2647513449192047,0.27656829357147217,0.2889179289340973,0.30010780692100525,0.30906370282173157,0.31530871987342834,0.31891492009162903,0.31999799609184265","Alface Crespa - Roça,TEMPERATURA DO PONTO DE ORVALHO (°C)"
V0,../../saved_models/model_V0.186,8,8,None,0.39767871176139374,0.28870831935286984,0.1581483577882017,0.42944262768361363,"0.3074828507825873,0.37812539396751493,0.39056241501540206,0.3973506685587712,0.41942487245473825,0.4174404720017144,0.4287254366291158,0.42808471133510373","0.22784984571038275,0.2705830279523641,0.2790713646400541,0.2858098992596311,0.30401039085070336,0.30155316474086286,0.3158629975706308,0.32492586409833013","0.09454570352538684,0.1429788135630884,0.15253900002266316,0.15788755380410247,0.17591722363367343,0.1742565476650141,0.18380550001282597,0.18325652007885906","0.3808246448220041,0.40462476439069484,0.4180727049598672,0.4140181743970972,0.41927163105744997,0.45580589249494746,0.4624100047605236,0.4805132045863245","0.10652744024991989,0.09549836069345474,0.08545409888029099,0.07561377435922623,0.065873883664608,0.057432495057582855,0.049652427434921265,0.04235931858420372,0.03649076819419861,0.03201551362872124,0.028337599709630013,0.028464488685131073,0.028271954506635666,0.02920611947774887,0.029946383088827133,0.029836243018507957,0.029011037200689316,0.02944089099764824,0.027941221371293068,0.027642041444778442,0.026526065543293953,0.026500673964619637,0.026145759969949722,0.026330161839723587,0.025436311960220337","0.7412758469581604,0.6945791244506836,0.6480626463890076,0.601276159286499,0.5539122223854065,0.5063996911048889,0.45931053161621094,0.41362276673316956,0.3706347644329071,0.33195874094963074,0.29916903376579285,0.273549348115921,0.25573718547821045,0.24538163840770721,0.2410719245672226,0.24177531898021698,0.2465357929468155,0.2544838488101959,0.26453983783721924,0.27587589621543884,0.28714892268180847,0.2971886694431305,0.3051384389400482,0.3107375502586365,0.31389865279197693","Alface Crespa - Roça,TEMPERATURA DO PONTO DE ORVALHO (°C)"
V0,../../saved_models/model_V0.187,8,8,None,0.3961644298617448,0.2864979323640609,0.15694625548768132,0.4280652763838133,"0.3289261130876892,0.35364650790680274,0.3950296070061537,0.39743545120813195,0.41542050518329166,0.42203518431284126,0.4184370768488895,0.4272364626068247","0.2402319924716556,0.25358779392030295,0.282653691617596,0.2843634811520059,0.2994699537272307,0.3060466198329751,0.3055659165607227,0.3200640096299989","0.10819238787097529,0.12506585255467628,0.15604839041143623,0.15795493787701143,0.17257419612674127,0.1781136967979739,0.17508958728184346,0.1825309949807927","0.36754491199949796,0.41047356444104616,0.4180656980830804,0.43428802647227993,0.430363309517157,0.44188280504892546,0.4540441225328189,0.4678597729757016","0.11438905447721481,0.10426769405603409,0.09437593817710876,0.08474913984537125,0.07578346133232117,0.0665118396282196,0.057915639132261276,0.05046640709042549,0.04294557496905327,0.03703618422150612,0.03220266103744507,0.029200540855526924,0.027857022359967232,0.02854047156870365,0.02879514917731285,0.02902841754257679,0.03061535581946373,0.0304037444293499,0.028767194598913193,0.028136547654867172,0.027483539655804634,0.025942202657461166,0.026160521432757378,0.025353290140628815,0.025325091555714607,0.02565726824104786","0.7669375538825989,0.726155698299408,0.6851654052734375,0.6433262228965759,0.6001495718955994,0.555474042892456,0.5096809267997742,0.46357107162475586,0.41797366738319397,0.3744400441646576,0.33484116196632385,0.30105143785476685,0.27462831139564514,0.25668540596961975,0.24671781063079834,0.2433023452758789,0.24517732858657837,0.25125065445899963,0.2602635324001312,0.2711235284805298,0.2830599844455719,0.2945577800273895,0.30448418855667114,0.31192776560783386,0.31671831011772156,0.318838506937027","Alface Crespa - Roça,TEMPERATURA DO PONTO DE ORVALHO (°C)"
V0,../../saved_models/model_V0.188,8,8,None,0.3996360836597945,0.2920131182044352,0.15970899936293828,0.4339201953236434,"0.33135072809590843,0.36802755838476475,0.39681449941159413,0.3995912960011071,0.4107129769685424,0.4250342323372184,0.4236331138905446,0.43185089103369667","0.24276150570257574,0.2639710420236903,0.2847653850666887,0.28675514190733675,0.29820179088014587,0.3113992108562757,0.31383876039123587,0.33441210880753286","0.10979330500968865,0.13544428373065143,0.15746174694327403,0.15967320383984437,0.16868514945036248,0.18065409865848853,0.17946501518459912,0.18649519208659776","0.3755822549676669,0.40417160711715,0.4218191296046706,0.4265006609786804,0.43293000707684665,0.44389919831633673,0.4701895929684094,0.49626911155938697","0.10453693568706512,0.09575174003839493,0.08792701363563538,0.07955873757600784,0.07149845361709595,0.06357570737600327,0.055683258920907974,0.04816003143787384,0.04100697860121727,0.03577093034982681,0.0318625345826149,0.02894887700676918,0.027834858745336533,0.028173480182886124,0.02877357229590416,0.03045780025422573,0.029706304892897606,0.029453907161951065,0.028396006673574448,0.02776223048567772,0.0270778089761734,0.026168974116444588,0.026282433420419693,0.025924773886799812,0.02559785358607769,0.02558586373925209","0.7376250624656677,0.7013718485832214,0.6642122864723206,0.6257696747779846,0.5854261517524719,0.5430831909179688,0.49912703037261963,0.4540523588657379,0.40905579924583435,0.36602839827537537,0.327080100774765,0.29438698291778564,0.2694152593612671,0.25283345580101013,0.24417121708393097,0.24245691299438477,0.2461082935333252,0.253751665353775,0.2640186846256256,0.2755803167819977,0.28700581192970276,0.29719340801239014,0.30534741282463074,0.31116729974746704,0.3149743974208832,0.3165092170238495","Alface Crespa - Roça,TEMPERATURA DO PONTO DE ORVALHO (°C)"
V0,../../saved_models/model_V0.189,8,8,None,0.3934146220275563,0.2856844208477076,0.154775064825085,0.4344209604928948,"0.30465187166086993,0.36336646350175167,0.37911170542755673,0.3976398609828871,0.41586088292951495,0.41414566802409936,0.4303821746167645,0.4264079034678651","0.22615694804199218,0.26121522083318244,0.2701541356376159,0.2860542377944631,0.3014116041805532,0.30012513318071643,0.3165076470906957,0.32385044002244234","0.09281276290647117,0.13203518679776982,0.14372568519219053,0.15811745904248978,0.17294027395091574,0.17151663434312753,0.18522881622785514,0.18182370013986018","0.3790582489546452,0.3941586801493859,0.42492341023984936,0.4269792263408199,0.4265483974387555,0.44593250810415747,0.48527600921045017,0.4924912035050952","0.10649454593658447,0.09822135418653488,0.09021826088428497,0.08253002911806107,0.07429396361112595,0.06646306812763214,0.058703675866127014,0.05099406838417053,0.04387134686112404,0.038129858672618866,0.0326986201107502,0.02964429184794426,0.02812746725976467,0.02817620523273945,0.028935883194208145,0.029641401022672653,0.030203383415937424,0.029967883601784706,0.028704242780804634,0.02838328294456005,0.02696555107831955,0.02662954106926918,0.026851635426282883,0.025752108544111252,0.02570738084614277,0.025528250262141228","0.7441368103027344,0.709319531917572,0.6737179756164551,0.6364392638206482,0.5968183875083923,0.5550851821899414,0.5115554332733154,0.4666233956813812,0.42135587334632874,0.37733542919158936,0.3366362750530243,0.30145183205604553,0.273439884185791,0.2536478340625763,0.2419203519821167,0.23705632984638214,0.23771929740905762,0.24285735189914703,0.2513699233531952,0.2619607150554657,0.2732033431529999,0.2838631272315979,0.2932736575603485,0.30059799551963806,0.3052942454814911,0.30758795142173767","Alface Crespa - Roça,TEMPERATURA DO PONTO DE ORVALHO (°C)"
V0,../../saved_models/model_V0.190,8,8,None,0.4087698312609628,0.2996375954822931,0.16709277494911598,0.44002888222456793,"0.32237744609178864,0.3527938402207905,0.37078984760078065,0.41214681323291924,0.4086679483749469,0.4422245531572466,0.47932093890339117,0.4568159054688516","0.23561086085603963,0.25404684563952057,0.26692401470732197,0.29927877067864184,0.2962264552478361,0.3257266947288483,0.36570256441481247,0.3535845575853241","0.10392721774866409,0.12446349369773267,0.13748511108381015,0.1698649956580508,0.1670094920289883,0.19556255541512643,0.22974856247122843,0.20868077148932673","0.36598509138006485,0.4086125182664623,0.43090420358672316,0.44126749396113085,0.44322475586316923,0.45369357092892204,0.47945819674262247,0.4970852270674483","0.1056949719786644,0.09638499468564987,0.08717455714941025,0.07878691703081131,0.07039251923561096,0.06181558966636658,0.05437087267637253,0.047291386872529984,0.041071817278862,0.03653327748179436,0.03311966359615326,0.03167711943387985,0.030316591262817383,0.029879888519644737,0.02900189347565174,0.029695086181163788,0.029193032532930374,0.02783133275806904,0.02675669826567173,0.026767345145344734,0.026289019733667374,0.026225268840789795,0.02609330043196678,0.025527212768793106,0.024980133399367332,0.02585507184267044","0.7326504588127136,0.6932782530784607,0.6538428068161011,0.6138289570808411,0.5729910731315613,0.5316140055656433,0.4898040294647217,0.447810560464859,0.4069792330265045,0.36874648928642273,0.3347570598125458,0.3062664568424225,0.2840494215488434,0.268178254365921,0.25842735171318054,0.25437861680984497,0.2552020251750946,0.25979864597320557,0.26686933636665344,0.27541083097457886,0.28450074791908264,0.2927480638027191,0.2994530498981476,0.30425360798835754,0.3067699074745178,0.3076534569263458","Alface Crespa - Roça,TEMPERATURA DO PONTO DE ORVALHO (°C)"
V0,../../saved_models/model_V0.191,8,8,None,0.40712055985661033,0.2966089650216301,0.16574715025795986,0.42438588113586495,"0.3159373182151034,0.3623156545039605,0.3934757607995058,0.41725404669749766,0.4376305991946341,0.4406273781978579,0.4320124332574219,0.44006396744556997","0.23334627470761035,0.2605050323815517,0.28392220105433347,0.3019859545184293,0.31844441782450206,0.32281109380546286,0.3211014253794213,0.33075532050173007","0.0998163890409515,0.13127263349863327,0.1548231743367499,0.17410093948543756,0.1915205413514545,0.19415248641751812,0.18663474248899842,0.19365629544393564","0.37783883697813486,0.4112789613363538,0.4130900983979586,0.4248417667908577,0.4144382247849352,0.42954807500656844,0.46248254965532604,0.46156853613678495","0.10957743972539902,0.09893937408924103,0.08950531482696533,0.0801616832613945,0.07138412445783615,0.06241057068109512,0.0542055182158947,0.04691312462091446,0.04115721955895424,0.03548125922679901,0.031051257625222206,0.02951965294778347,0.02863289788365364,0.02796989679336548,0.028299063444137573,0.02841932699084282,0.02867770381271839,0.02834141254425049,0.027696991339325905,0.027073636651039124,0.02617811970412731,0.026001518592238426,0.025343313813209534,0.025449948385357857,0.02458711713552475,0.025259923189878464","0.7581785321235657,0.7156376838684082,0.6733870506286621,0.6306065917015076,0.5867946743965149,0.5420743823051453,0.49689793586730957,0.45202019810676575,0.4085373878479004,0.36789798736572266,0.33186936378479004,0.30186009407043457,0.2788740396499634,0.26347190141677856,0.2552132308483124,0.2532462775707245,0.25659045577049255,0.2638157308101654,0.2730342149734497,0.2833115756511688,0.29349997639656067,0.30255988240242004,0.3097347021102905,0.31458404660224915,0.31729748845100403,0.3182995617389679","Alface Crespa - Roça,TEMPERATURA DO PONTO DE ORVALHO (°C)"
V0,../../saved_models/model_V0.192,8,8,None,0.3841212929196921,0.2775608828154625,0.1475491676742959,0.47153014693479384,"0.2792675027878186,0.3350735022733099,0.3804262619572548,0.38714950870308695,0.4086011688216474,0.408746728548389,0.42133814716196344,0.42891168200948626","0.20924178566464646,0.24131803255748333,0.27438292650088153,0.28092960213242407,0.29231300353188416,0.2936219065797008,0.3076313912173809,0.32104841433929887","0.07799033811334427,0.11227425192570181,0.14472414078676984,0.1498847420890416,0.1669549151624164,0.16707388809901041,0.17752583425387636,0.18396523096420667","0.3939712184306118,0.4169709837685061,0.4617039684314478,0.475881559276402,0.4759260062296039,0.4967420234415642,0.5006561301990331,0.550389285701182","0.11250098049640656,0.10602106899023056,0.09993670135736465,0.09337340295314789,0.08689525723457336,0.08059094101190567,0.07391654700040817,0.0666961595416069,0.06039220839738846,0.053294841200113297,0.04740186035633087,0.04154930263757706,0.03683674708008766,0.03341243416070938,0.030455639585852623,0.029738951474428177,0.030175797641277313,0.031348131597042084,0.031424231827259064,0.031708188354969025,0.03154643625020981,0.03129269927740097,0.02999791130423546,0.028443152084946632,0.028129462152719498,0.02784908004105091,0.027438243851065636,0.027431625872850418,0.026494992896914482","0.7783635258674622,0.7474953532218933,0.7160400748252869,0.6831514239311218,0.6481824517250061,0.6109778881072998,0.5714662075042725,0.5297477841377258,0.4863995313644409,0.44219788908958435,0.3981156349182129,0.35571929812431335,0.31672921776771545,0.2828535735607147,0.2554992139339447,0.2351902723312378,0.22187979519367218,0.2143651843070984,0.21129047870635986,0.21173088252544403,0.21493612229824066,0.22048211097717285,0.22777879238128662,0.23601014912128448,0.24441055953502655,0.2523529827594757,0.259182333946228,0.2645173966884613,0.2678859233856201","Alface Crespa - Roça,PRECIPITAÇÃO TOTAL, HORÁRIO (mm)"
V0,../../saved_models/model_V0.193,8,8,None,0.3870403084611292,0.2789838219425642,0.14980020037368602,0.47095443104653967,"0.26722640243488444,0.3298621802253023,0.37540598998252256,0.39562264756151344,0.42212341888864974,0.4208193067364173,0.42625833134495666,0.42867519589138825","0.20482685581911328,0.2439856234725346,0.2707241256202659,0.28436413284576556,0.30075992861362644,0.30177177617578793,0.3087191017448233,0.3167190312485971","0.07140995015829082,0.1088090579429898,0.14092965731475782,0.15651727926358147,0.17818818077424248,0.1770888889221189,0.18169616504098685,0.18376242357252007","0.4043591771171268,0.4532475645538031,0.4521706909970857,0.4612505362662261,0.46527195297162377,0.49471775343106383,0.510468477668179,0.5261492953672093","0.1111144870519638,0.10388793796300888,0.09730647504329681,0.09123304486274719,0.08481286466121674,0.0783931165933609,0.07213383913040161,0.06585554778575897,0.05956774204969406,0.05342583358287811,0.048195719718933105,0.04277647286653519,0.03815996274352074,0.035112567245960236,0.0324615016579628,0.030661700293421745,0.02988496609032154,0.030623935163021088,0.03164131939411163,0.03163617476820946,0.031197166070342064,0.03135981038212776,0.030896330252289772,0.02960089035332203,0.028423301875591278,0.028964050114154816,0.027614127844572067,0.02814319171011448,0.02745148353278637,0.02742145024240017","0.7687589526176453,0.7344587445259094,0.7007675766944885,0.6668712496757507,0.6320947408676147,0.5962114930152893,0.5589724183082581,0.520397961139679,0.48077592253685,0.4408188760280609,0.4011411964893341,0.36283788084983826,0.32716408371925354,0.29555583000183105,0.2691810429096222,0.24867188930511475,0.2341815084218979,0.22504977881908417,0.22008740901947021,0.2181486338376999,0.21852624416351318,0.2210373431444168,0.22541455924510956,0.23123542964458466,0.2378385066986084,0.24465014040470123,0.2509312331676483,0.25636181235313416,0.2605394423007965,0.2633715867996216","Alface Crespa - Roça,PRECIPITAÇÃO TOTAL, HORÁRIO (mm)"
V0,../../saved_models/model_V0.194,8,8,None,0.3834363742221563,0.27605876163840515,0.1470234530766335,0.4621233525808936,"0.26022375677875825,0.33448375378480205,0.37063991286829034,0.3930391786803714,0.4019628856383427,0.418709228662334,0.42802880436356977,0.4296950797061489","0.1990683566641093,0.24509988021325646,0.2688250832807104,0.2835871411460844,0.2856497740671847,0.2979467718708997,0.31051001162865244,0.31778307423634405","0.06771640359205032,0.11187938154597207,0.13737394501101385,0.15447979597774095,0.16157416143070336,0.1753174181670067,0.18320865736490707,0.18463786152367367","0.3958918910751543,0.4478917295680599,0.4535183976840516,0.47502129214942024,0.4574826297618403,0.4724285356005514,0.48289967737441697,0.5118526674336541","0.10555718839168549,0.09948622435331345,0.09407685697078705,0.08845551311969757,0.0824325680732727,0.07628628611564636,0.06985528767108917,0.06355249136686325,0.05718892812728882,0.050500236451625824,0.045252472162246704,0.03955548256635666,0.035547029227018356,0.03262387588620186,0.030106034129858017,0.029230548068881035,0.02997593767940998,0.030243488028645515,0.030530661344528198,0.03135070577263832,0.030591825023293495,0.030460940673947334,0.02949315495789051,0.028635824099183083,0.027598781511187553,0.02767925336956978,0.026898318901658058,0.027020100504159927,0.026856061071157455,0.0268134493380785","0.744848906993866,0.716343343257904,0.6870257258415222,0.6563721299171448,0.6237509846687317,0.5888888835906982,0.5516040325164795,0.512413740158081,0.47177067399024963,0.43038129806518555,0.3892844617366791,0.3498920202255249,0.31362447142601013,0.28209349513053894,0.2565566599369049,0.23757608234882355,0.22490330040454865,0.21739280223846436,0.21394412219524384,0.21372002363204956,0.21621204912662506,0.22111161053180695,0.22779810428619385,0.23558646440505981,0.24340732395648956,0.2506594657897949,0.2567216157913208,0.2613615095615387,0.26439088582992554,0.2657944858074188","Alface Crespa - Roça,PRECIPITAÇÃO TOTAL, HORÁRIO (mm)"
V0,../../saved_models/model_V0.195,8,8,None,0.3881405059859578,0.27890579844382773,0.15065305238703533,0.46357032394568043,"0.2836474271219826,0.3402296075216296,0.36602616765576734,0.3996335521151794,0.4064891039383944,0.4263838548404961,0.4206250877863423,0.43745650206566605","0.21387212171892375,0.24567657324654535,0.2661082860027644,0.284256333218733,0.2868837932223087,0.3044193719955545,0.3043345639408332,0.3256953442049594","0.08045586291292044,0.11575618583432212,0.1339751554087679,0.15970697597619585,0.16523339162063877,0.18180319166864126,0.17692546447526816,0.19136819119952808","0.408503377178444,0.42263493336237434,0.46120083840283904,0.45075312489142566,0.45687868096289647,0.48239365153363284,0.4974528831061459,0.5287451021276853","0.10584207624197006,0.09966666251420975,0.09363748133182526,0.08774591237306595,0.08170507103204727,0.07539724558591843,0.06937260925769806,0.06333816051483154,0.05707307159900665,0.0513586550951004,0.04548922926187515,0.04082662612199783,0.03648662567138672,0.03351529315114021,0.03170997276902199,0.030543852597475052,0.031061900779604912,0.03046722337603569,0.030685696750879288,0.03162598982453346,0.03171762451529503,0.03140889108181,0.030982181429862976,0.029798386618494987,0.02872300148010254,0.028403213247656822,0.028363512828946114,0.02750716172158718,0.02749844826757908,0.027350304648280144","0.7439848780632019,0.713176965713501,0.6820995807647705,0.6501166820526123,0.6167222857475281,0.5815511345863342,0.5448071956634521,0.5066110491752625,0.46730637550354004,0.4275263249874115,0.3881278932094574,0.3504079282283783,0.3156653940677643,0.2851976156234741,0.2603398859500885,0.24161843955516815,0.22895874083042145,0.22120042145252228,0.2172193080186844,0.21627740561962128,0.21779531240463257,0.22128057479858398,0.2265668362379074,0.23298762738704681,0.23986148834228516,0.2466859370470047,0.2529086768627167,0.2580539882183075,0.26186230778694153,0.26433154940605164","Alface Crespa - Roça,PRECIPITAÇÃO TOTAL, HORÁRIO (mm)"
V0,../../saved_models/model_V0.196,8,8,None,0.3870008422960456,0.27838624076751844,0.14976965193784875,0.46551087735958907,"0.272794264224475,0.3394176610730885,0.3706441233010806,0.3902197433423248,0.4064978400211669,0.4319607230258414,0.42873938473887174,0.42806497383430775","0.20901676283695672,0.24702195593460705,0.26646524212414036,0.2792840612016818,0.29032217909076896,0.30810248507148086,0.3103962788736072,0.31648096100690476","0.0744167105937727,0.11520434864832597,0.13737706613762665,0.15227144809414983,0.1652404939418742,0.18659006623700766,0.1838174600262663,0.18323962182376657","0.41028926390036924,0.44088702902089033,0.4506908805881948,0.4599813270300117,0.47352698877112487,0.47117814334577307,0.4968109930091308,0.5207223932112178","0.10360179841518402,0.09749358147382736,0.09167005866765976,0.0858832374215126,0.0796394944190979,0.07361756265163422,0.06748801469802856,0.06082296743988991,0.05515297129750252,0.04942311346530914,0.04344525560736656,0.03821854293346405,0.03470199927687645,0.03198545426130295,0.030930565670132637,0.03010968118906021,0.03134797140955925,0.03140341490507126,0.03201403096318245,0.03193708136677742,0.030951960012316704,0.030840516090393066,0.02926441840827465,0.02885662019252777,0.028065811842679977,0.028077034279704094,0.027408525347709656,0.027141839265823364,0.02681749127805233","0.7311999201774597,0.7024134993553162,0.6724927425384521,0.6408677101135254,0.6071333289146423,0.5709360241889954,0.532484233379364,0.49231478571891785,0.4511289596557617,0.409849613904953,0.36961206793785095,0.33171311020851135,0.2978895902633667,0.2695176899433136,0.24735943973064423,0.23165981471538544,0.22194232046604156,0.21674616634845734,0.2151452749967575,0.2164403647184372,0.22015441954135895,0.22598929703235626,0.23311592638492584,0.24088437855243683,0.2484118491411209,0.25501748919487,0.2601924240589142,0.26376399397850037,0.2657615840435028","Alface Crespa - Roça,PRECIPITAÇÃO TOTAL, HORÁRIO (mm)"
V0,../../saved_models/model_V0.197,8,8,None,0.38517099959647383,0.2788074670462565,0.14835669893014686,0.4694321845079433,"0.26035951186664275,0.3394327461916258,0.3649028707253916,0.3879805882982768,0.4032161066308884,0.4298464419265727,0.4305497824204268,0.4329487007127496","0.20321723361414382,0.24568696336744653,0.26709464552331946,0.281323147669708,0.2884485920075469,0.3095736619271962,0.3128381229016611,0.3222773693590298","0.06778707541943647,0.11521458918718863,0.13315410506363187,0.15052893689627697,0.16258322864657196,0.1847679636369344,0.18537311514227683,0.187444577448858","0.4169154648147798,0.4242154722066485,0.46837766913173445,0.46008152511877265,0.4672802513032757,0.48866896315586433,0.5031637775474765,0.526754352784994","0.11517317593097687,0.1090988963842392,0.10320526361465454,0.09733254462480545,0.09148667007684708,0.08568388968706131,0.07985728234052658,0.07353968918323517,0.06696917861700058,0.06056985631585121,0.0543900802731514,0.04836270585656166,0.04301876947283745,0.03861815854907036,0.034896548837423325,0.03201311081647873,0.030537687242031097,0.03054259531199932,0.03118644654750824,0.030936645343899727,0.03133128210902214,0.0314493291079998,0.031106742098927498,0.030291417613625526,0.029461324214935303,0.02877965196967125,0.027765944600105286,0.02743491716682911,0.02728090062737465,0.026676731184124947,0.0266465712338686","0.7958347201347351,0.7659797072410583,0.7367424964904785,0.7072262763977051,0.6765308380126953,0.6442078948020935,0.6098961234092712,0.5732429623603821,0.5343780517578125,0.49381184577941895,0.45205843448638916,0.4101634919643402,0.36957550048828125,0.33187830448150635,0.29852962493896484,0.2708567678928375,0.24974413216114044,0.23498518764972687,0.22578513622283936,0.22091662883758545,0.2193812131881714,0.22057349979877472,0.22391821444034576,0.22917427122592926,0.2356729954481125,0.24284763634204865,0.24979710578918457,0.2559400796890259,0.26100751757621765,0.2647341191768646,0.2669453024864197","Alface Crespa - Roça,PRECIPITAÇÃO TOTAL, HORÁRIO (mm)"
V0,../../saved_models/model_V0.198,8,8,None,0.38705780521654387,0.27833347292889754,0.149813744579048,0.46198229761579424,"0.2685109748014291,0.3319407270387285,0.3890424579966793,0.3849630741722037,0.42290687201891686,0.40986339826484197,0.4225241416787299,0.437391913776401","0.20478934333539375,0.24514435022598205,0.27401417074361656,0.277617248113067,0.3017599018717461,0.2894841769180292,0.3067039124114157,0.32715467981193014","0.0720981435888137,0.11018464626699966,0.15135403412409798,0.14819656847611362,0.17885022240082452,0.16798800523720445,0.17852665030134746,0.1913116862369826","0.3962766124123493,0.45216799742010944,0.42835188938247404,0.47800813025850863,0.4670928114633031,0.4627008972171158,0.4889056832124165,0.5223543595600766","0.11239980906248093,0.10572456568479538,0.09918002784252167,0.09261690825223923,0.08638761192560196,0.07972472906112671,0.07365091890096664,0.06696774810552597,0.06057393550872803,0.05401903763413429,0.047753725200891495,0.042320042848587036,0.03778497502207756,0.034455616027116776,0.03188473358750343,0.030762508511543274,0.030474308878183365,0.03085179626941681,0.030766475945711136,0.031222106888890266,0.03152601420879364,0.030864259228110313,0.029829107224941254,0.028590897098183632,0.02907685749232769,0.02824919857084751,0.027954882010817528,0.027415350079536438,0.027069199830293655,0.026627354323863983","0.7778873443603516,0.7465148568153381,0.7151764035224915,0.6830481886863708,0.649444043636322,0.614064633846283,0.576583743095398,0.5372000336647034,0.49630120396614075,0.45452046394348145,0.4127464294433594,0.372183233499527,0.33415499329566956,0.3002726137638092,0.2717631161212921,0.24952642619609833,0.23356479406356812,0.22321857511997223,0.21738354861736298,0.21508818864822388,0.2158825546503067,0.2193116396665573,0.22505450248718262,0.23221080005168915,0.2400553822517395,0.2479308843612671,0.2550549805164337,0.2605699598789215,0.2645796239376068,0.26696234941482544","Alface Crespa - Roça,PRECIPITAÇÃO TOTAL, HORÁRIO (mm)"
V0,../../saved_models/model_V0.199,8,8,None,0.38401795487041684,0.27856213727548196,0.1474697896628575,0.4769538709945099,"0.27365923049091045,0.3278604006516192,0.36911998632981496,0.38933005714711716,0.41290403324660463,0.4181543388562095,0.4224963022849613,0.4309328551273272","0.21027505440822286,0.24530789024597058,0.2661026867371787,0.28161473404349957,0.29719988813579806,0.2999135453714974,0.3057800492949675,0.3223032499667215","0.07488937443287724,0.10749244231544026,0.1362495643081228,0.1515778933981775,0.17048974067131317,0.17485305110427368,0.1785031254444654,0.18570312562818997","0.4172933671903462,0.46424357030024854,0.44736686444894513,0.46894153579255116,0.4932751406552059,0.49267301904453564,0.4995385652065949,0.5322989053176516","0.10534875839948654,0.0996122807264328,0.09368830919265747,0.08779339492321014,0.08154430240392685,0.07513993233442307,0.06854503601789474,0.06170905753970146,0.055023692548274994,0.048657357692718506,0.04324876517057419,0.03797220066189766,0.034380871802568436,0.031216295436024666,0.03012777864933014,0.030137276276946068,0.03133494406938553,0.03140131011605263,0.032939739525318146,0.032211530953645706,0.031135620549321175,0.030738430097699165,0.02978801541030407,0.029088908806443214,0.02875199355185032,0.027935484424233437,0.027480920776724815,0.027356566861271858,0.027202624827623367","0.7396752238273621,0.7106953263282776,0.6802965998649597,0.6479398608207703,0.6132370233535767,0.5761544108390808,0.5367628931999207,0.49539557099342346,0.452608585357666,0.40941905975341797,0.3672665059566498,0.32762181758880615,0.2924489974975586,0.26338526606559753,0.24162936210632324,0.22713123261928558,0.21880054473876953,0.21499685943126678,0.21460773050785065,0.21682341396808624,0.22123229503631592,0.2274314910173416,0.2349776029586792,0.2431272715330124,0.25107496976852417,0.25817009806632996,0.2635955810546875,0.2672935724258423,0.26931333541870117","Alface Crespa - Roça,PRECIPITAÇÃO TOTAL, HORÁRIO (mm)"
V0,../../saved_models/model_V0.200,8,8,None,0.38580139081346915,0.279376339354716,0.14884271315360714,0.4703415645604182,"0.27001081929201853,0.32187734293264697,0.37173857107641434,0.38481167683414735,0.40930058414355025,0.42642939272583863,0.4441561263403867,0.42581402891451364","0.2066248907417202,0.23919172737163366,0.2715626505609885,0.27877614563877523,0.2912682501016823,0.3042038516199336,0.32682065032615115,0.3165625484768438","0.07290584253474709,0.10360502389338082,0.13818956522593434,0.14808002662790826,0.16752696818025145,0.18184202698052754,0.19727466456569753,0.18131758722041025","0.39825892763154014,0.44693625911819973,0.46402648526939144,0.4791881519715212,0.4633327671503355,0.46391576583960625,0.5137795342924074,0.533294625210344","0.10647118836641312,0.10068164020776749,0.09446346014738083,0.08838821947574615,0.08226645737886429,0.07546615600585938,0.06882619112730026,0.06234239786863327,0.056187160313129425,0.049506090581417084,0.04390397295355797,0.038946833461523056,0.0352495014667511,0.03224102780222893,0.030965011566877365,0.030661387369036674,0.03107055276632309,0.030912742018699646,0.03160090371966362,0.0314166396856308,0.030557772144675255,0.030530450865626335,0.029047423973679543,0.02837921492755413,0.028019975870847702,0.027781566604971886,0.02763971872627735,0.02694249339401722,0.026987455785274506","0.7464753985404968,0.7164850234985352,0.6851513981819153,0.6520723700523376,0.61686772108078,0.5793238878250122,0.5396695137023926,0.4984910190105438,0.45641303062438965,0.41435208916664124,0.37355390191078186,0.3354240953922272,0.30152133107185364,0.27307531237602234,0.25087228417396545,0.23509176075458527,0.2248591035604477,0.21892555058002472,0.21659426391124725,0.21722857654094696,0.22026149928569794,0.2253042459487915,0.23160851001739502,0.2384973019361496,0.24518704414367676,0.25106826424598694,0.25551554560661316,0.25843456387519836,0.2599581778049469","Alface Crespa - Roça,PRECIPITAÇÃO TOTAL, HORÁRIO (mm)"
V0,../../saved_models/model_V0.201,8,8,None,0.38385051932715303,0.27840191029828476,0.14734122118772508,0.4789558300908815,"0.2805695090806391,0.32470118162744005,0.36742741342837204,0.3950994117969975,0.4047733104481578,0.4219680326833203,0.42353161529017824,0.4268439185190495","0.21345311459000993,0.24023170898789953,0.2689600580551348,0.2819074267156222,0.29387998683716965,0.3024566710239924,0.3082197039244181,0.31810661225203185","0.07871924942575084,0.1054308573502558,0.13500290413866384,0.1561035452023334,0.1638414328511607,0.17805702060663164,0.17937902915030754,0.18219573077669698","0.4158186787237555,0.4506606539275728,0.4695111481698556,0.4634591186833851,0.48946890726680564,0.4893390285166839,0.5146011488889475,0.5387879565500461","0.11021192371845245,0.1034630760550499,0.09666723757982254,0.08989028632640839,0.0829683244228363,0.07615578919649124,0.06934627890586853,0.06229829788208008,0.055743731558322906,0.04941163957118988,0.04301076754927635,0.03830704092979431,0.034820880740880966,0.03164917603135109,0.03027411177754402,0.029833192005753517,0.0309093426913023,0.03198271244764328,0.032202575355768204,0.032437387853860855,0.03173728287220001,0.030370911583304405,0.030341576784849167,0.029179012402892113,0.029110616073012352,0.028101162984967232,0.027506813406944275,0.027261896058917046,0.027018902823328972","0.7681252360343933,0.7334866523742676,0.6983157992362976,0.6619362235069275,0.6240459680557251,0.5843722224235535,0.5429280400276184,0.4998128116130829,0.45582249760627747,0.41184568405151367,0.36913514137268066,0.3293154537677765,0.2940758764743805,0.2650304138660431,0.24317537248134613,0.22834385931491852,0.2194589525461197,0.2149835079908371,0.21368832886219025,0.21489721536636353,0.21841292083263397,0.22388136386871338,0.23096995055675507,0.2389458417892456,0.24702699482440948,0.25426971912384033,0.2602624297142029,0.2645104229450226,0.2669420540332794","Alface Crespa - Roça,PRECIPITAÇÃO TOTAL, HORÁRIO (mm)"
