model,save_path,in_size,out_size,keep_only,RMSE,MAE,RMSE_by_timestep,MAE_by_timestep,loss,val_loss
V0,saved_models/,8,8,None,0.433891623701992,0.31754925681242824,"0.36408014807258876,0.39152531118118056,0.4123799554986618,0.4359069401842447,0.44459130785909134,0.44845969648805745,0.4756280523186558,0.48495096936247556","0.26161128223347097,0.2805237718585707,0.2994779182361461,0.3174826509778632,0.3270133812896047,0.3312617813725658,0.3567614176494563,0.3662618508817483","0.10398297756910324,0.08300632238388062,0.06572511792182922,0.05142856016755104,0.03976956754922867,0.03204919397830963,0.028591584414243698,0.028110235929489136,0.027968280017375946,0.028182726353406906","0.7193761467933655,0.6368808150291443,0.5570346713066101,0.48025718331336975,0.40957581996917725,0.35009729862213135,0.30695948004722595,0.2830195128917694,0.2767872214317322,0.2832700312137604"
V0,saved_models//model_V0.4,8,8,None,0.4249736236528725,0.3125564022478444,"0.34238485999390883,0.38712882248575,0.41514811896579223,0.4415623106684657,0.44165341375291245,0.44297020279749383,0.45149943736919723,0.46396897911229895","0.24791304415919288,0.27970758872583346,0.30029403092703044,0.32342751035441325,0.3261972004516192,0.3297062103347456,0.3389305917589008,0.35427504127101983","0.0942663699388504,0.07142283022403717,0.05320961773395538,0.039605773985385895,0.030971456319093704,0.026907900348305702,0.027430102229118347,0.028382577002048492,0.027260247617959976","0.6656597256660461,0.5705586075782776,0.4815013110637665,0.40111398696899414,0.33505359292030334,0.28867897391319275,0.26455143094062805,0.2601131498813629,0.26939618587493896"
V0,saved_models/model_V0.5,8,8,None,0.4302991842889926,0.315927336951547,"0.32668118658366385,0.3879812235173809,0.40893029768975525,0.4328878541825015,0.4382019080183292,0.4693896035954558,0.478013772544037,0.47806747950982503","0.24097486662308343,0.2788176293156305,0.29590833355762625,0.31526583731431224,0.3240532426437469,0.347548489552133,0.3579932022713308,0.36685709433451363","0.09568656235933304,0.07515108585357666,0.05748935043811798,0.04413114860653877,0.03413938358426094,0.02904387190937996,0.02628018707036972,0.026736706495285034,0.027592940255999565,0.027195634320378304","0.6787182688713074,0.5947046875953674,0.5162670016288757,0.4431377947330475,0.37805700302124023,0.32570257782936096,0.2905850410461426,0.2739357054233551,0.2723672688007355,0.28182658553123474"
V0,saved_models/model_V0.6,8,8,None,0.43936366743088096,0.32158161419969256,"0.36354432290202354,0.4137549559118921,0.433987471827586,0.4284361950180895,0.4491230361585446,0.4499087424667662,0.4874115119462331,0.4768267618031522","0.2626638817344078,0.2943709508258123,0.31230508684628755,0.3132056413480212,0.3296033785867695,0.3369810919708441,0.36571555020367136,0.35780733208172705","0.09757434576749802,0.07494591176509857,0.0571102611720562,0.04338614642620087,0.033231865614652634,0.027757078409194946,0.026647256687283516,0.026817506179213524,0.02701791562139988","0.704110324382782,0.6109867095947266,0.5241804122924805,0.44470587372779846,0.37629184126853943,0.32468482851982117,0.29302170872688293,0.2801687717437744,0.28296101093292236"
V0,saved_models/model_V0.7,8,8,None,0.43458176109914104,0.31880644820302095,"0.35952134536262376,0.39807346622100725,0.4455643264028297,0.4556231543573458,0.43916293358781505,0.44058062749989874,0.4750546818458999,0.45210620909358734","0.2590435439415879,0.283692000082039,0.3226477155036221,0.33005902863713515,0.32359235198577285,0.3285058906188404,0.3541902371866191,0.3487208176685515","0.10173433274030685,0.07716184854507446,0.05825181305408478,0.04380059242248535,0.0341489277780056,0.028441140428185463,0.02863517589867115,0.028552992269396782,0.028407355770468712","0.708905041217804,0.6075341701507568,0.5157248377799988,0.43432340025901794,0.36678728461265564,0.3169689476490021,0.28759345412254333,0.27680566906929016,0.2803841829299927"
V0,saved_models/model_V0.8,8,8,None,0.4248337384901269,0.3118225769405152,"0.32304424595805026,0.3713913407095425,0.4281163778984998,0.4096886703767173,0.44406902893859346,0.47025050387868367,0.4681945284178319,0.46142511322461904","0.23847323891054467,0.2674891391263324,0.3121348681482029,0.2983225511987486,0.3265978482402459,0.34681550857052346,0.3493173581289888,0.35543010320053475","0.10430537164211273,0.08064624667167664,0.06188406050205231,0.04690147563815117,0.03553498163819313,0.029356177896261215,0.027360115200281143,0.02754512056708336,0.028758777305483818","0.7060043215751648,0.6136666536331177,0.528770387172699,0.4505906105041504,0.38175177574157715,0.3268515467643738,0.29033979773521423,0.27335405349731445,0.2740766704082489"
V0,saved_models/model_V0.9,8,8,None,0.41614718669396816,0.3103707123574788,"0.29252713550604464,0.3540893729584822,0.3986905642783351,0.4276344144865285,0.4380895692520767,0.4569672362015742,0.46376306650623567,0.4656537049081391","0.2284521746290508,0.2640702195041954,0.2954241519881272,0.3170717038456595,0.3265520375665591,0.3410321108677462,0.34735820613664825,0.36300509432184447","0.10652433335781097,0.0954054519534111,0.08487006276845932,0.07528169453144073,0.06609062850475311,0.05741898715496063,0.049660149961709976,0.04311860725283623,0.03882402181625366,0.035576317459344864,0.034237150102853775,0.03401947766542435,0.0332203283905983,0.03303546831011772,0.03312838822603226","0.7463756203651428,0.6877666115760803,0.6307799220085144,0.5745046734809875,0.5185982584953308,0.46376514434814453,0.4115746021270752,0.36437296867370605,0.3250926434993744,0.29551219940185547,0.27585312724113464,0.26475977897644043,0.2599997818470001,0.25950825214385986,0.2621542513370514"
V0,saved_models/model_V0.10,8,8,None,0.43966124280026486,0.32186977392174126,"0.34848717912498167,0.3878917788882471,0.4301817690692044,0.4643047170586699,0.4583245943777858,0.47335055639565055,0.4743490933455357,0.46340937742993993","0.25355096779762953,0.27898995083471423,0.3100934591989661,0.3365750010591144,0.3368095473608821,0.3520233782489481,0.35446812984482384,0.3524477570288522","0.09571308642625809,0.07343360781669617,0.055683672428131104,0.04268566146492958,0.03266192227602005,0.028844933956861496,0.02712838165462017,0.028410909697413445,0.02782006934285164","0.6855124831199646,0.5927652716636658,0.507750928401947,0.4315820634365082,0.36774682998657227,0.32048219442367554,0.2917051613330841,0.28126659989356995,0.286220908164978"
V0,saved_models/model_V0.11,8,8,None,0.42707061072756264,0.313019463648559,"0.3293754891106678,0.3542059019224329,0.42804162310340393,0.46917776303949354,0.4404208956268013,0.46074998295851144,0.4398408033082721,0.4712705908483394","0.24152484093817764,0.2564515460397719,0.30945753206326115,0.34320671679558745,0.32369215725414724,0.34109586363999456,0.33075567271537426,0.3579713797421579","0.09551478922367096,0.07362323254346848,0.05455813556909561,0.04069925472140312,0.030498690903186798,0.02681080438196659,0.02674711123108864,0.027653923258185387,0.027986764907836914","0.6739931702613831,0.5807880759239197,0.4922337532043457,0.41125309467315674,0.34340450167655945,0.2950625717639923,0.26997002959251404,0.26469871401786804,0.27409353852272034"
V0,saved_models/model_V0.12,8,8,None,0.4237276957645932,0.30994216505945155,"0.31389774770558176,0.39599158273284146,0.40551128313730883,0.43796683270159625,0.44491025579965177,0.45910581003739503,0.46627999245733626,0.445674199908097","0.2303266336509943,0.2831591891831054,0.29433227250752914,0.3184951649251786,0.32455168964653347,0.33523161052944744,0.34947656009097466,0.34396419994184985","0.08734963834285736,0.06398147344589233,0.04712022468447685,0.03425968438386917,0.028473597019910812,0.026440231129527092,0.027249693870544434,0.02828792668879032","0.6403409838676453,0.5426846742630005,0.45313504338264465,0.37553027272224426,0.3167325258255005,0.2817419767379761,0.26901963353157043,0.27370381355285645"
V0,saved_models/model_V0.13,8,8,None,0.4236271303642449,0.30934192968406543,"0.3084896013241366,0.361055863152176,0.4271931541230055,0.43874342564287494,0.45153580233869806,0.44911325463896123,0.4494081626440947,0.47708240042142797","0.22839262435727917,0.26129650664031123,0.30842655886402986,0.31955214614163585,0.3315925251119791,0.33080007661116284,0.3340588743022854,0.3606161254438405","0.1097552552819252,0.08823346346616745,0.0693209171295166,0.05325224623084068,0.04005570337176323,0.03033112920820713,0.026623958721756935,0.027006812393665314,0.027530333027243614,0.02774355746805668","0.7447205185890198,0.6593537330627441,0.5752835273742676,0.4924498498439789,0.41422975063323975,0.3466756045818329,0.29753828048706055,0.27095237374305725,0.26469168066978455,0.27302417159080505"
V0,saved_models/model_V0.14,8,8,None,0.4322970190175386,0.31644939077494993,"0.352397827239422,0.40543525741694164,0.45044898493336766,0.43829258888726713,0.4435240551878186,0.4433391846589952,0.4376145369692071,0.47614004238214014","0.25553964043691735,0.29023256518442836,0.32483257427683276,0.3191099499114516,0.3266675168132064,0.3265489913353301,0.3243610906767983,0.3643027975646345","0.08598163723945618,0.06492770463228226,0.04993418976664543,0.03801683336496353,0.02999960444867611,0.0272366963326931,0.026428155601024628,0.027277681976556778,0.027400579303503036","0.635184109210968,0.5474439263343811,0.4663473069667816,0.39435458183288574,0.33597955107688904,0.2960808575153351,0.27555152773857117,0.2718571424484253,0.2803397476673126"
V0,saved_models/model_V0.15,8,8,None,0.4216628818342687,0.3102791709538648,"0.3311643216799522,0.3859528241621745,0.41857205296070915,0.41735114130490547,0.430197030284917,0.45706376368539875,0.4502113350562622,0.46660019618526366","0.2434546036267277,0.2782111511274749,0.30297736136719045,0.3036318981763477,0.31665885884118844,0.34169497973948904,0.3381537104632776,0.3574508042892233","0.08422490209341049,0.06129199638962746,0.045064911246299744,0.033761415630578995,0.029072504490613937,0.0280693881213665,0.028480907902121544,0.028876550495624542","0.6034696698188782,0.5078362822532654,0.4230246841907501,0.3525111675262451,0.30115050077438354,0.27168652415275574,0.2618109881877899,0.26710331439971924"
V0,saved_models/model_V0.16,8,8,None,0.4223119508601926,0.30972651000637463,"0.3379783890486971,0.3863861190620989,0.3851846634179986,0.4376018449944732,0.4278267681652684,0.4575698537724533,0.4475088016048493,0.4803361369062458","0.24573521891740427,0.2785624347138614,0.2768530754135944,0.3198146590254912,0.31443817130009377,0.34150484882478643,0.33363037431682296,0.3672732975389431","0.1050744354724884,0.08303001523017883,0.06477028131484985,0.04892977699637413,0.03852880746126175,0.03101181425154209,0.02842533029615879,0.027954423800110817,0.027712220326066017,0.02749437279999256","0.6875123977661133,0.6015579700469971,0.5211504101753235,0.4461841583251953,0.3792780637741089,0.32522016763687134,0.2881191074848175,0.2687316834926605,0.2646154463291168,0.27104654908180237"
V0,saved_models/model_V0.17,8,8,None,0.4273149992088433,0.314379044341663,"0.3503266729176369,0.3987629138211804,0.4170782211688879,0.43189522533148494,0.4418996512773236,0.46126542590979375,0.4551550878891164,0.4509426260473501","0.253287594875292,0.28560106392881496,0.301626839313637,0.31554507560476047,0.325728477469069,0.3447031934239034,0.34241445524990133,0.3461256548679263","0.09622877091169357,0.07554309070110321,0.05833728611469269,0.044217269867658615,0.03503918647766113,0.029217666015028954,0.027081580832600594,0.027644271031022072,0.027743535116314888,0.027847355231642723","0.6713711619377136,0.5883081555366516,0.5090416073799133,0.4340120255947113,0.3667791783809662,0.3128102719783783,0.27733102440834045,0.26096415519714355,0.26003217697143555,0.2705158293247223"
V0,saved_models/model_V0.18,8,8,None,0.4289766212575821,0.31480303072904176,"0.3123027424662091,0.4232128460892441,0.4200955799747161,0.4416339281677031,0.43614306234663847,0.46813101842960747,0.455346490446914,0.45529852427083395","0.23103759831796014,0.3023046128836172,0.3039877792931902,0.32219382286980935,0.31810949388243975,0.3459034049439677,0.3445557053779971,0.35033182826335296","0.09085021167993546,0.0712876170873642,0.053769901394844055,0.04092211648821831,0.03141217306256294,0.027355749160051346,0.026712115854024887,0.027521442621946335,0.028485087677836418","0.6635998487472534,0.5760342478752136,0.49249252676963806,0.41563680768013,0.3506784439086914,0.30344897508621216,0.2776493728160858,0.27091673016548157,0.27839425206184387"
V0,saved_models/model_V0.19,8,8,None,0.425742859491278,0.31221425345391607,"0.3540835254539682,0.39318220843107976,0.4236926289241455,0.4198945479526883,0.4500170869188134,0.45428038276200794,0.4564024846619276,0.4439282817594639","0.2533418680381798,0.28163790909128505,0.3066286373477621,0.30609799878411464,0.3295530704726104,0.3353092230482646,0.34445839966652547,0.34068692118258703","0.09752438217401505,0.07437627017498016,0.056012630462646484,0.041683346033096313,0.03239147365093231,0.027220316231250763,0.026780566200613976,0.02749413065612316,0.02833643928170204","0.6840168833732605,0.587531328201294,0.49909162521362305,0.4197502136230469,0.35298535227775574,0.3034456670284271,0.27450689673423767,0.26463305950164795,0.26912084221839905"
V0,saved_models/model_V0.20,8,8,None,0.4258472819486232,0.3123844722132394,"0.33778134005747745,0.376782921334515,0.41930265254247634,0.44813628525321525,0.43234238500898164,0.43756443467835443,0.4609382891156381,0.4766740327631065","0.24695589559121964,0.2714180735260132,0.3025037952274119,0.3260799863598952,0.3197010363359167,0.32216827395513986,0.3474224368266041,0.362826279883715","0.09109757095575333,0.07078266143798828,0.05391975864768028,0.03998846560716629,0.03162989765405655,0.02780803106725216,0.02825022302567959,0.02789510414004326,0.0280169490724802","0.6470944881439209,0.560985267162323,0.4790983200073242,0.4037024676799774,0.33999767899513245,0.2946206033229828,0.2708081901073456,0.2657984793186188,0.27431610226631165"
V0,saved_models/model_V0.21,8,8,7,0.44465364429960935,0.3376536186840008,"0.44465364429960935","0.3376536186840008","0.10069172084331512,0.05302004888653755,0.03352158144116402,0.0325259305536747,0.038413066416978836,0.03627931699156761","0.6741912364959717,0.461330384016037,0.32874688506126404,0.2720944881439209,0.2695763409137726,0.3015687167644501"
V0,saved_models/model_V0.22,8,8,7,0.41904745144885747,0.3148198324087921,"0.41904745144885747","0.3148198324087921","0.12629427015781403,0.0702071338891983,0.04338136687874794,0.03588724136352539,0.038763582706451416,0.03929263353347778","0.6884817481040955,0.4812141954898834,0.34105929732322693,0.265767365694046,0.24098022282123566,0.24760355055332184"
V0,saved_models/model_V0.23,8,8,7,0.42120983144704166,0.3152335755669736,"0.42120983144704166","0.3152335755669736","0.10166765749454498,0.05637495219707489,0.03801324963569641,0.03680014982819557,0.040573228150606155","0.5947961211204529,0.4086771309375763,0.2974896728992462,0.25284549593925476,0.252989262342453"
V0,saved_models/model_V0.24,8,8,7,0.4575151503403101,0.3413266892177099,"0.4575151503403101","0.3413266892177099","0.06631605327129364,0.035731490701436996,0.03053971566259861,0.03319919481873512,0.033849477767944336","0.5806441903114319,0.4006091356277466,0.3102883994579315,0.29673460125923157,0.3317280113697052"
V0,saved_models/model_V0.25,8,8,7,0.4368210114027957,0.33641737635717767,"0.4368210114027957","0.33641737635717767","0.07069019973278046,0.041996780782938004,0.0345812551677227,0.03792998194694519,0.038046084344387054","0.4974535405635834,0.34917256236076355,0.27474793791770935,0.2591349184513092,0.2804003059864044"
V0,saved_models/model_V0.26,8,8,7,0.42733463346652395,0.32166815367684487,"0.42733463346652395","0.32166815367684487","0.09020532667636871,0.04878564924001694,0.035780325531959534,0.036189522594213486,0.03794422373175621","0.6026985049247742,0.407995343208313,0.3005812466144562,0.2640892565250397,0.27418625354766846"
V0,saved_models/model_V0.27,8,8,7,0.41745626441855044,0.3117793267791948,"0.41745626441855044","0.3117793267791948","0.12971411645412445,0.07093759626150131,0.041556913405656815,0.034144725650548935,0.03744988143444061,0.040735162794589996","0.7022280693054199,0.48367607593536377,0.34122583270072937,0.26771196722984314,0.24517647922039032,0.25540027022361755"
V0,saved_models/model_V0.28,8,8,7,0.4555793433066963,0.3435378736561408,"0.4555793433066963","0.3435378736561408","0.05063822865486145,0.03221191093325615,0.03204425051808357,0.03244348242878914","0.4648641347885132,0.3365633487701416,0.2997398376464844,0.3212173879146576"
V0,saved_models/model_V0.29,8,8,7,0.4452807741166053,0.33935305073735006,"0.4452807741166053","0.33935305073735006","0.06435971707105637,0.03938924893736839,0.033102549612522125,0.034654077142477036,0.034746646881103516","0.5323948264122009,0.3882375657558441,0.3085513412952423,0.2880251109600067,0.3063201606273651"
V0,saved_models/model_V0.30,8,8,7,0.4330242611267401,0.3264593920415511,"0.4330242611267401","0.3264593920415511","0.07966569066047668,0.0421527698636055,0.03173750266432762,0.037031471729278564,0.03619307652115822","0.5333823561668396,0.35822153091430664,0.27331024408340454,0.2571912407875061,0.2810947000980377"
V0,saved_models/model_V0.31,8,8,7,0.4453458016056781,0.33253175475709884,"0.4453458016056781","0.33253175475709884","0.07297901064157486,0.03993538022041321,0.031515415757894516,0.036199819296598434,0.03398450091481209","0.5606415867805481,0.3757528066635132,0.28633973002433777,0.2725546061992645,0.3034915328025818"
model,save_path,in_size,out_size,keep_only,RMSE,MAE,RMSE_by_timestep,MAE_by_timestep,loss,val_loss
V0,saved_models/model_V0.32,8,8,None,0.4180216006129176,0.3068676597582129,"0.3155665094651025,0.3681234044969181,0.42226079079092294,0.41815181479842933,0.4538820498771117,0.4453808264138159,0.44959054325931547,0.4507545205685573","0.23093326648562676,0.26364505544064737,0.3037332383472351,0.3022144970142869,0.3326271058907926,0.32842865705133734,0.34004999498390365,0.3533094628518739","0.10640827566385269,0.09260229021310806,0.07993066310882568,0.06719460338354111,0.05550852417945862,0.04650428146123886,0.03839527443051338,0.03288666158914566,0.03065447509288788,0.029870901256799698,0.028554795309901237,0.02827700786292553","0.7328621745109558,0.672607958316803,0.6110823750495911,0.5469000339508057,0.48058751225471497,0.41583430767059326,0.3578571379184723,0.3113642632961273,0.27954474091529846,0.26287099719047546,0.2584312856197357,0.26245394349098206"
model,save_path,in_size,out_size,keep_only,RMSE,MAE,RMSE_by_timestep,MAE_by_timestep,loss,val_loss
V0,saved_models/model_V0.33,8,8,None,0.4039229571868094,0.2966232500501636,"0.31624183478587237,0.3743723581764905,0.40878876504634654,0.43395221557798824,0.4134533823185747,0.41941438962615774,0.4231264029694406,0.42866726001149613","0.2362812618281665,0.27145982782438666,0.29880062094923104,0.3185386176600796,0.3044035013290517,0.30717427835081385,0.30935619897582434,0.32697169348375543","0.10822197049856186,0.07613414525985718,0.04821022227406502,0.030437055975198746,0.028118174523115158,0.03110089898109436","0.7067410945892334,0.5695204734802246,0.43006014823913574,0.309176504611969,0.24791769683361053,0.24937976896762848"
model,save_path,in_size,out_size,keep_only,RMSE,MAE,RMSE_by_timestep,MAE_by_timestep,loss,val_loss
V0,saved_models/model_V0.34,8,8,None,0.4441115744780786,0.32831044820331495,"0.37643326219587553,0.4436969032925044,0.4192977603355771,0.44019747983453933,0.46522309923122845,0.4581870333284386,0.4745871593831798,0.4670401345808143","0.27414287405589377,0.3182676242378464,0.30603610668076553,0.3223966202254934,0.34497726641250304,0.3423293549089107,0.35934004126707714,0.35899369783802987","0.09787090122699738,0.06738999485969543,0.039643533527851105,0.026587260887026787,0.03269767388701439,0.029732508584856987","0.6734035611152649,0.5307457447052002,0.3674980700016022,0.2540339231491089,0.24679569900035858,0.2963590621948242"
model,save_path,in_size,out_size,keep_only,RMSE,MAE,RMSE_by_timestep,MAE_by_timestep,loss,val_loss
V0,saved_models/model_V0.35,8,8,None,0.41640561491063094,0.306490086542362,"0.321504101899549,0.4103734554058849,0.40294199732205366,0.42444308320118884,0.44349282638188053,0.4206557009748199,0.4311759743568758,0.46185908871882064","0.24080164609611912,0.29625560435463366,0.2965811112870125,0.31079265025776687,0.32677058063782005,0.31144652093382286,0.3168876120752874,0.3523849666964337","0.08272574096918106,0.03780248016119003,0.027530474588274956,0.03410239890217781","0.5458530783653259,0.3303193151950836,0.23410308361053467,0.2634577453136444"
model,save_path,in_size,out_size,keep_only,RMSE,MAE,RMSE_by_timestep,MAE_by_timestep,loss,val_loss
V0,saved_models/model_V0.36,8,8,None,0.4518160276707261,0.33331460613778907,"0.4049397194954641,0.4160336507866551,0.435881170590466,0.4303365052090209,0.4809127283237762,0.4660824124197016,0.4734727646885672,0.49817003015621736","0.2928537791126513,0.30163385084594935,0.3188933956543945,0.3160331113559023,0.3565860535192482,0.34602059266741714,0.3535418106985092,0.38095425524824106","0.09247389435768127,0.0484323613345623,0.025662921369075775,0.03181033208966255,0.028884151950478554","0.607384979724884,0.40463224053382874,0.2523134648799896,0.24493074417114258,0.30959203839302063"
model,save_path,in_size,out_size,keep_only,RMSE,MAE,RMSE_by_timestep,MAE_by_timestep,loss,val_loss
V0,saved_models/model_V0.37,8,8,None,0.404499358052932,0.2969875760399108,"0.2813515459278662,0.3691975055884805,0.4058180585350105,0.4052652137463595,0.4184877230349427,0.42367282231039816,0.4572673180029932,0.4481519049139805","0.22194044900826082,0.2695392494687282,0.29600064623627115,0.2953183186326672,0.306238968315924,0.31193215950041364,0.33840297982179757,0.33652783733522396","0.09416473656892776,0.05914200842380524,0.03410462662577629,0.0256101805716753,0.029271842911839485","0.6375088095664978,0.48482027649879456,0.33658114075660706,0.25395989418029785,0.25579187273979187"
model,save_path,in_size,out_size,keep_only,RMSE,MAE,RMSE_by_timestep,MAE_by_timestep,loss,val_loss
V0,saved_models/model_V0.38,8,8,None,0.4799619166216585,0.3569053114823405,"0.3972283811145537,0.4706065594709125,0.45447432253443154,0.43855779296093916,0.5159207647437363,0.5315757013386581,0.5242017292690802,0.4911540983755569","0.2929076072109125,0.34820504206780856,0.3292834947782956,0.3186316800569649,0.38433467086064416,0.40832602175450455,0.3954268802897094,0.3781270948398849","0.10843706876039505,0.10411567240953445,0.09937445819377899,0.0942128524184227,0.0902937725186348,0.08471526950597763,0.08019767701625824,0.07462501525878906,0.06976532936096191,0.06403394788503647,0.05865864083170891,0.05436941981315613,0.04953916743397713,0.046115703880786896,0.04273637384176254,0.039650049060583115,0.0378732830286026,0.03724241629242897,0.03646915778517723,0.03443039953708649,0.03338412195444107,0.033806752413511276,0.03574974834918976","0.7672894597053528,0.754194438457489,0.7398433685302734,0.723740816116333,0.7059343457221985,0.6861833930015564,0.6640475392341614,0.6397823691368103,0.613147497177124,0.5840874314308167,0.553277850151062,0.5220409035682678,0.4912463128566742,0.4614171087741852,0.43401965498924255,0.41027316451072693,0.39066043496131897,0.375342458486557,0.3642145097255707,0.35655269026756287,0.35170412063598633,0.34946975111961365,0.34981176257133484"
model,save_path,in_size,out_size,keep_only,RMSE,MAE,RMSE_by_timestep,MAE_by_timestep,loss,val_loss
V0,saved_models/model_V0.39,8,8,None,0.4867515096629679,0.35996831984751815,"0.3839270231116344,0.49931218500510105,0.502472494281363,0.4510731087291847,0.5207586919628967,0.48100017952724095,0.5252791762781236,0.5140905388975588","0.2734104970225608,0.3629664375672797,0.36753860052833226,0.3306394040542281,0.39228946417192584,0.36854310022717857,0.39296428400124983,0.3913947712073904","0.14292961359024048,0.1302255094051361,0.11809084564447403,0.10928872227668762,0.09839563071727753,0.09046196192502975,0.08073914051055908,0.07209817320108414,0.06609207391738892,0.05992782115936279,0.05338276922702789,0.04739285632967949,0.04470476508140564,0.04114467278122902,0.04064460098743439,0.03810783475637436,0.0375952422618866,0.03624691441655159,0.0339232012629509,0.03364451602101326,0.03455131873488426,0.0333070233464241","0.8987370133399963,0.8540356755256653,0.8116674423217773,0.7707460522651672,0.73051518201828,0.6903345584869385,0.6495193243026733,0.6078423261642456,0.5664904713630676,0.5264728665351868,0.4887525141239166,0.4542628228664398,0.4238702952861786,0.39751020073890686,0.3760874271392822,0.3608682453632355,0.351258784532547,0.3447275161743164,0.34102165699005127,0.3393387794494629,0.33931031823158264,0.34007158875465393"
model,save_path,in_size,out_size,keep_only,RMSE,MAE,RMSE_by_timestep,MAE_by_timestep,loss,val_loss
V0,saved_models/model_V0.40,8,8,None,0.46683161579388777,0.34441305408143846,"0.42557407207599685,0.4775854201906309,0.44971477805252086,0.43614650154480855,0.48410515775416124,0.48021367761815015,0.5004059221072011,0.4758326558902375","0.3026769620673061,0.3436502407480789,0.32423889085618746,0.31597468824635255,0.3596077984182129,0.3616105076502111,0.37956422536906814,0.3679811192960911","0.10254029184579849,0.09260839223861694,0.08265453577041626,0.07298789918422699,0.06445223838090897,0.056277163326740265,0.04844450205564499,0.0427551232278347,0.03933395445346832,0.03442563861608505,0.0331035777926445,0.030916541814804077,0.030619382858276367,0.03147372230887413","0.747481644153595,0.7054327130317688,0.6619303226470947,0.6164816617965698,0.5692222714424133,0.5206510424613953,0.4729102551937103,0.42813634872436523,0.3891957998275757,0.35774412751197815,0.3341115713119507,0.3192274570465088,0.31232109665870667,0.3125404715538025"
model,save_path,in_size,out_size,keep_only,RMSE,MAE,RMSE_by_timestep,MAE_by_timestep,loss,val_loss
V0,saved_models/model_V0.41,8,8,None,0.42282539678901365,0.30877340973456924,"0.2934144040153051,0.3811440637153379,0.4100562550038513,0.43590430250037654,0.44530838186095234,0.47185202995442205,0.46319104876260075,0.4530333161937946","0.21839946410365307,0.27171209517496764,0.29625639669922615,0.3155559204892572,0.3242125888879968,0.3459921236951037,0.3446180274649465,0.3534406613614033","0.10462214052677155,0.09199225902557373,0.07942276448011398,0.06652304530143738,0.054804034531116486,0.04411308094859123,0.03580142557621002,0.030070818960666656,0.02769775502383709,0.028567928820848465,0.026991363614797592,0.02688423916697502","0.7357376217842102,0.6835888028144836,0.6278688311576843,0.5672762393951416,0.5020063519477844,0.4353467524051666,0.37315988540649414,0.3219829499721527,0.2865433990955353,0.26896560192108154,0.26597467064857483,0.2730080783367157"
model,save_path,in_size,out_size,keep_only,RMSE,MAE,RMSE_by_timestep,MAE_by_timestep,loss,val_loss
V0,saved_models/model_V0.42,8,8,None,0.4094723000575598,0.2998758565795894,"0.3395975006732041,0.34332540394714867,0.40336328638058927,0.40569589133882983,0.4290212828361248,0.44024021506597777,0.4464984080318399,0.4512417169819848","0.24602446805561556,0.24802521127443672,0.29093619921993474,0.2930934129242625,0.3131998692263983,0.3269088058365001,0.3338080825665641,0.34701080353300295","0.10339111089706421,0.08558248728513718,0.06909273564815521,0.05357794091105461,0.040326330810785294,0.031429391354322433,0.028079569339752197,0.028233833611011505,0.02897091954946518","0.7164888978004456,0.6394715309143066,0.5572235584259033,0.4702650308609009,0.3849988877773285,0.31326746940612793,0.26680007576942444,0.2483333796262741,0.25200995802879333"
model,save_path,in_size,out_size,keep_only,RMSE,MAE,RMSE_by_timestep,MAE_by_timestep,loss,val_loss
V0,saved_models/model_V0.43,8,8,None,0.4185535631010516,0.30667105359224,"0.32516132253458874,0.3737454429400105,0.41189517367166195,0.4144475615605576,0.4531615018883675,0.45257018021189677,0.44240737428997645,0.45689968775587786","0.2380688082858328,0.2687085752010806,0.2972207262612193,0.30074280955511323,0.3320957158765523,0.3344485418992807,0.33144100624367623,0.3506422454151653","0.10226444900035858,0.07833120971918106,0.05665333941578865,0.038952793926000595,0.02846815623342991,0.027644997462630272,0.029127439484000206,0.028386734426021576","0.6950134634971619,0.5918478965759277,0.4816075265407562,0.37283429503440857,0.2882252335548401,0.2468581199645996,0.2439897060394287,0.2645389139652252"
model,save_path,in_size,out_size,keep_only,RMSE,MAE,RMSE_by_timestep,MAE_by_timestep,loss,val_loss
V0,saved_models/model_V0.44,8,8,None,0.4106564286939209,0.2999062514615576,"0.29947227402756676,0.3918961286954528,0.3941109579340084,0.4163049317259883,0.43354745908520925,0.43621065182012064,0.4524778614775274,0.4407162469350818","0.22251246403138247,0.27939704168669866,0.2822162598078528,0.3024756360110802,0.316914191592896,0.32127520062933246,0.3372963419001168,0.3371628760331018","0.10204660892486572,0.08627453446388245,0.0700744166970253,0.05437913164496422,0.0407419316470623,0.03115202486515045,0.028523117303848267,0.027758553624153137,0.0286103542894125","0.7154571413993835,0.6450344920158386,0.5662825107574463,0.479852557182312,0.3929591178894043,0.31859734654426575,0.2704266607761383,0.2510465085506439,0.2546118199825287"
model,save_path,in_size,out_size,keep_only,RMSE,MAE,RMSE_by_timestep,MAE_by_timestep,loss,val_loss
V0,saved_models/model_V0.45,8,8,None,0.4169484096473068,0.30300047936848085,"0.339327742909383,0.38429710221528635,0.44486000253295604,0.42547368004132274,0.4379307131316852,0.4338846705179418,0.4279252245064528,0.4311064157901033","0.2496049434947874,0.277776454453128,0.3221365177913486,0.31134281309512774,0.31884557715336526,0.31517474268727064,0.3108492297052529,0.3182735565675664","0.09514880925416946,0.05431879684329033,0.029134683310985565,0.02779911272227764,0.03044879622757435","0.6388248801231384,0.46261635422706604,0.31022366881370544,0.24745462834835052,0.2677038013935089"
model,save_path,in_size,out_size,keep_only,RMSE,MAE,RMSE_by_timestep,MAE_by_timestep,loss,val_loss
V0,saved_models/model_V0.46,8,8,None,0.42275049827683964,0.3082812363886872,"0.35968397772476896,0.3631755605038256,0.4093880856178706,0.43134416303340845,0.4389873666596001,0.44457763543542866,0.4583265390982543,0.4630291877199777","0.2578939421560563,0.26089050872650665,0.2944072359719998,0.3138146378351369,0.3213867805438335,0.32709925897420233,0.3411679336053813,0.34958959329638134","0.10733572393655777,0.08984354138374329,0.07459253072738647,0.05868242308497429,0.04464854672551155,0.03406822308897972,0.02923271432518959,0.028129316866397858,0.028846105560660362,0.028434056788682938","0.7417035698890686,0.6704631447792053,0.5953120589256287,0.5142955183982849,0.4307687282562256,0.35395947098731995,0.29667961597442627,0.2662500739097595,0.2599088251590729,0.27055326104164124"
model,save_path,in_size,out_size,keep_only,RMSE,MAE,RMSE_by_timestep,MAE_by_timestep,loss,val_loss
V0,saved_models/model_V0.47,8,8,None,0.43650996603266784,0.3202638474270684,"0.3276022428915931,0.40733830738183313,0.42142793068115814,0.4697207727390745,0.455492976388625,0.4761200480917841,0.46812740787561763,0.44669156083252237","0.2406909944253442,0.29404155526589987,0.30625948275360076,0.3438265781681615,0.33337506270567524,0.3550345297198693,0.3500502988230959,0.3388322775549014","0.09574344754219055,0.06076638400554657,0.034863024950027466,0.025591028854250908,0.030607737600803375,0.02899329736828804","0.6487963795661926,0.4947987496852875,0.3431895673274994,0.25003698468208313,0.24480915069580078,0.2881499230861664"
model,save_path,in_size,out_size,keep_only,RMSE,MAE,RMSE_by_timestep,MAE_by_timestep,loss,val_loss
V0,saved_models/model_V0.48,8,8,None,0.4095618903122119,0.29938518645713247,"0.3033134691632107,0.36922751148976823,0.39931468137546344,0.4006718168346992,0.4379482204928628,0.4408025092962911,0.44987003419437555,0.45290270134292854","0.2246616235301708,0.26577847837069807,0.2863094792050881,0.2881592458150086,0.3196075579895854,0.3249405586832479,0.3379116636772005,0.3477128843860606","0.10572516918182373,0.08987903594970703,0.07496237754821777,0.060093604028224945,0.0460243821144104,0.03465070202946663,0.02802780456840992,0.026449458673596382,0.027077874168753624,0.02693057805299759","0.7367250323295593,0.6695168018341064,0.5986823439598083,0.5205404758453369,0.43774423003196716,0.359519362449646,0.2980974614620209,0.26231616735458374,0.2509729862213135,0.25759080052375793"
